Date;SP500_HYB;SP_T_Bond 
2010-02-01;383,53;100
2010-02-02;383,76;100,18
2010-02-03;384;99,95
2010-02-04;383,61;99,98
2010-02-05;382,79;99,34
2010-02-08;381,75;99,37
2010-02-09;380,54;99,19
2010-02-10;378,89;99,41
2010-02-11;378,75;99,09
2010-02-12;378,88;98,72
2010-02-15;379,11;99,39
2010-02-16;379,68;99,34
2010-02-17;380,83;99,78
2010-02-18;381,79;100,1
2010-02-19;382,89;100,52
2010-02-22;384,21;100,59
2010-02-23;384,37;99,87
2010-02-24;384,59;99,64
2010-02-25;384,51;99,62
2010-02-26;385,36;99,09
2010-03-01;385,98;98,84
2010-03-02;386,59;99,25
2010-03-03;387,09;98,54
2010-03-04;387,92;98,36
2010-03-05;388,36;99,41
2010-03-08;389,77;100,1
2010-03-09;390,35;99,63
2010-03-10;390,57;99,66
2010-03-11;391,05;100
2010-03-12;391,34;100,1
2010-03-15;391,58;100,44
2010-03-16;391,7;99,84
2010-03-17;392,49;100,47
2010-03-18;392,82;100,56
2010-03-19;392,68;100,42
2010-03-22;392,73;100,28
2010-03-23;392,9;100,31
2010-03-24;392,57;100,3
2010-03-25;392,58;100,79
2010-03-26;393,08;101,06
2010-03-29;393,58;101,36
2010-03-30;393,75;100,9
2010-03-31;393,82;101,93
2010-04-01;393,78;102,62
2010-04-02;393,58;102,85
2010-04-05;393,67;102,97
2010-04-06;394,13;102,7
2010-04-07;394,66;102,4
2010-04-08;394,36;102,62
2010-04-09;394,59;102,88
2010-04-12;395,13;102,23
2010-04-13;395,66;102,4
2010-04-14;396,29;103,04
2010-04-15;396,86;102,82
2010-04-16;397,44;102,4
2010-04-19;397,16;102,1
2010-04-20;397,41;102,45
2010-04-21;397,99;102,99
2010-04-22;398,45;103,17
2010-04-23;398,74;103,5
2010-04-26;399,12;104,08
2010-04-27;399,54;103,71
2010-04-28;399,21;103,89
2010-04-29;399,64;103,3
2010-04-30;399,98;104,61
2010-05-03;400,13;105,25
2010-05-04;399,95;104,97
2010-05-05;398,39;105,68
2010-05-06;395,97;105,61
2010-05-07;392,7;104,88
2010-05-10;394,09;105,02
2010-05-11;394,18;104,91
2010-05-12;395,05;104,83
2010-05-13;395,86;104,96
2010-05-14;395,39;104,8
2010-05-17;394,7;104,86
2010-05-18;394,81;105,08
2010-05-19;393,27;104,75
2010-05-20;391,02;105,16
2010-05-21;390,54;103,97
2010-05-24;390,78;104,08
2010-05-25;389;104,19
2010-05-26;389,42;104,62
2010-05-27;389,87;104,29
2010-05-28;390,64;104,56
2010-05-31;390,83;105,03
2010-06-01;390,84;104,59
2010-06-02;390,37;105,38
2010-06-03;390,6;105,76
2010-06-04;390,8;106,25
2010-06-07;390,9;105,79
2010-06-08;389,96;106,78
2010-06-09;389,69;106,16
2010-06-10;389,05;106,09
2010-06-11;389,52;105,6
2010-06-14;390,14;106,39
2010-06-15;390,8;106,15
2010-06-16;391,84;105,79
2010-06-17;393,56;105,72
2010-06-18;394,55;105,7
2010-06-21;396,41;105,15
2010-06-22;396,76;105,5
2010-06-23;396,89;105,64
2010-06-24;396,52;105,36
2010-06-25;396,48;105,05
2010-06-28;397,19;104,75
2010-06-29;396,93;105,55
2010-06-30;397,06;104,95
2010-07-01;397,1;105,07
2010-07-02;397,16;104,32
2010-07-05;397,15;104,12
2010-07-06;397,89;103,59
2010-07-07;398,35;104,12
2010-07-08;399,09;104,29
2010-07-09;400;104,63
2010-07-12;400,78;104,94
2010-07-13;401,59;104,77
2010-07-14;402,48;104,55
2010-07-15;403,16;104,22
2010-07-16;403,59;103,81
2010-07-19;404;104,32
2010-07-20;404,35;103,45
2010-07-21;405,32;104,02
2010-07-22;405,72;103,92
2010-07-23;406,62;104,07
2010-07-26;407,47;104,29
2010-07-27;408,43;103,32
2010-07-28;408,89;103,85
2010-07-29;408,98;103,86
2010-07-30;409,46;103,33
2010-08-02;409,91;103,95
2010-08-03;410,82;103,41
2010-08-04;410,83;102,77
2010-08-05;411,22;103,27
2010-08-06;411,46;103,24
2010-08-09;411,92;103,3
2010-08-10;411,62;103,87
2010-08-11;411,2;103,71
2010-08-12;410,68;104,07
2010-08-13;410,6;104,97
2010-08-16;411,19;105,04
2010-08-17;411,5;105,01
2010-08-18;412,01;104,92
2010-08-19;412,49;104,97
2010-08-20;412,51;105,2
2010-08-23;412,8;105,01
2010-08-24;413,01;104,61
2010-08-25;412,73;104,45
2010-08-26;412,98;104,45
2010-08-27;412,56;104,49
2010-08-30;413,23;104,96
2010-08-31;413,36;104,41
2010-09-01;413,49;104,39
2010-09-02;413,9;103,87
2010-09-03;414,21;103,41
2010-09-06;414,43;102,87
2010-09-07;415,08;102,69
2010-09-08;415,53;102,97
2010-09-09;415,67;102,73
2010-09-10;416,43;102,26
2010-09-13;417,54;102,03
2010-09-14;418,52;101,57
2010-09-15;418,72;104,08
2010-09-16;419,34;104,43
2010-09-17;420,05;104,4
2010-09-20;420,56;104,55
2010-09-21;420,96;104,7
2010-09-22;420,82;104,62
2010-09-23;420,47;104,84
2010-09-24;420,87;104,56
2010-09-27;421,75;103,76
2010-09-28;422,4;104,59
2010-09-29;422,43;104,47
2010-09-30;422,96;104,11
2010-10-01;423,55;103,65
2010-10-04;424,22;103,55
2010-10-05;425,38;104,04
2010-10-06;426,27;103,62
2010-10-07;427,04;103,95
2010-10-08;427,43;103,46
2010-10-11;427,69;103,57
2010-10-12;428,06;103,29
2010-10-13;429,09;102,51
2010-10-14;429,03;102,25
2010-10-15;428,52;101,64
2010-10-18;428,82;100,86
2010-10-19;429,05;101,34
2010-10-20;429,21;101,76
2010-10-21;429,51;101,4
2010-10-22;429,85;101,03
2010-10-25;430,83;100,92
2010-10-26;431,11;100,34
2010-10-27;431,15;100,49
2010-10-28;431,5;100,35
2010-10-29;431,56;99,84
2010-11-01;431,8;99,9
2010-11-02;431,87;99,87
2010-11-03;431,81;100,17
2010-11-04;432,98;101,12
2010-11-05;433,44;101,76
2010-11-08;433,81;101,67
2010-11-09;433,93;101,59
2010-11-10;433,04;101,48
2010-11-11;433,09;102,37
2010-11-12;432,1;102,64
2010-11-15;430,68;101,85
2010-11-16;428,67;101,31
2010-11-17;428,46;102,33
2010-11-18;428,67;101,87
2010-11-19;428,29;102,09
2010-11-22;427,69;102,16
2010-11-23;426,72;102,71
2010-11-24;425,91;102,72
2010-11-25;426,05;101,68
2010-11-26;426,12;102,1
2010-11-29;425,6;102,9
2010-11-30;424,82;103,33
2010-12-01;425,7;102,81
2010-12-02;426,39;102,06
2010-12-03;426,34;101,35
2010-12-06;427,11;100,29
2010-12-07;427,17;100,52
2010-12-08;426,28;100,2
2010-12-09;426,1;99,74
2010-12-10;426,25;99,69
2010-12-13;426,51;99,1
2010-12-14;425,89;98,92
2010-12-15;425,68;98,2
2010-12-16;425,41;98,25
2010-12-17;425,82;98,57
2010-12-20;425,76;99,47
2010-12-21;426,18;99,09
2010-12-22;426,61;99,33
2010-12-23;426,86;99,15
2010-12-24;426,93;98,15
2010-12-27;427,53;97,88
2010-12-28;427,29;97,89
2010-12-29;427,91;96,38
2010-12-30;428,18;96,44
2010-12-31;428,39;96,29
2011-01-03;429,37;96,82
2011-01-04;430,06;96,86
2011-01-05;430,32;97,29
2011-01-06;430,99;97,91
2011-01-07;431,36;98,31
2011-01-10;431,38;98,98
2011-01-11;431,77;98,77
2011-01-12;432;98,86
2011-01-13;432,53;98,41
2011-01-14;432,79;98,63
2011-01-17;433,13;98,61
2011-01-18;433,14;98,4
2011-01-19;433,45;97,94
2011-01-20;433,07;97,61
2011-01-21;433,37;97,91
2011-01-24;433,79;97,8
2011-01-25;434,48;97,74
2011-01-26;434,54;97,78
2011-01-27;434,96;96,94
2011-01-28;435,17;98,15
2011-01-31;435,32;97,85
2011-02-01;435,73;97,43
2011-02-02;435,9;96,3
2011-02-03;435,96;96,21
2011-02-04;436,06;95,71
2011-02-07;436,76;95,8
2011-02-08;437,23;95,79
2011-02-09;437,34;95,16
2011-02-10;436,97;95,83
2011-02-11;437,04;95,58
2011-02-14;437,28;96,94
2011-02-15;437,59;97,07
2011-02-16;437,92;97,71
2011-02-17;438,67;97,44
2011-02-18;439,02;97,53
2011-02-21;439,36;97,17
2011-02-22;439,62;96,98
2011-02-23;439,13;97,79
2011-02-24;439,14;96,99
2011-02-25;439,42;96,81
2011-02-28;440,35;96,81
2011-03-01;440,59;97,11
2011-03-02;440,7;97,19
2011-03-03;440,79;96,61
2011-03-04;441,15;96,54
2011-03-07;441,31;97,16
2011-03-08;441,2;96,86
2011-03-09;441,31;97,41
2011-03-10;441;97,85
2011-03-11;440,79;98,74
2011-03-14;441,11;97,61
2011-03-15;439,79;97,58
2011-03-16;439,99;97,1
2011-03-17;440,2;95,74
2011-03-18;440,59;97,84
2011-03-21;441,14;97,71
2011-03-22;441,42;96,86
2011-03-23;441,47;96,89
2011-03-24;441,59;96,71
2011-03-25;441,68;96,24
2011-03-28;441,74;96,64
2011-03-29;441,74;96,73
2011-03-30;442,08;97,45
2011-03-31;442,09;98,6
2011-04-01;442,4;98,8
2011-04-04;443,09;99,74
2011-04-05;443,38;100,18
2011-04-06;443,69;100,73
2011-04-07;444,13;100,55
2011-04-08;444,44;100,26
2011-04-11;444,66;99,79
2011-04-12;444,36;99,09
2011-04-13;444,65;99,35
2011-04-14;444,74;99,31
2011-04-15;445,08;99,02
2011-04-18;445,18;99,02
2011-04-19;445,41;98,78
2011-04-20;445,69;99,08
2011-04-21;445,89;98,07
2011-04-22;445,99;97,46
2011-04-25;446,42;97,95
2011-04-26;447,1;97,86
2011-04-27;447,11;97,9
2011-04-28;447,48;98,32
2011-04-29;448,01;98,68
2011-05-02;448,63;97,77
2011-05-03;448,79;97,79
2011-05-04;448,96;98,04
2011-05-05;449,15;98,27
2011-05-06;449,55;97,84
2011-05-09;449,81;98,2
2011-05-10;449,78;97,89
2011-05-11;450,13;98,19
2011-05-12;450,14;98,8
2011-05-13;450,55;98,47
2011-05-16;451,11;98,67
2011-05-17;451,14;99,03
2011-05-18;451,05;99,82
2011-05-19;451,36;99,62
2011-05-20;451,45;99,85
2011-05-23;451,51;100,17
2011-05-24;451,31;100,41
2011-05-25;451,16;100,81
2011-05-26;451,38;100,59
2011-05-27;451,39;100,18
2011-05-30;451,68;99,74
2011-05-31;451,98;99,74
2011-06-01;452,12;100,61
2011-06-02;451,71;101,02
2011-06-03;451,32;100,09
2011-06-06;451,39;99,74
2011-06-07;451,08;99,69
2011-06-08;450,77;99,8
2011-06-09;450,24;99,87
2011-06-10;450,12;99,87
2011-06-13;449,5;100,27
2011-06-14;449,25;99,83
2011-06-15;449,15;99,46
2011-06-16;448,38;100,89
2011-06-17;448,05;100,93
2011-06-20;447,57;100,24
2011-06-21;447,48;100,1
2011-06-22;447,91;100
2011-06-23;447,78;100,27
2011-06-24;447,6;100,87
2011-06-27;446,93;101,66
2011-06-28;446,81;101,19
2011-06-29;447,23;100,65
2011-06-30;448,58;99,64
2011-07-01;449,07;99,4
2011-07-04;449,35;99,04
2011-07-05;450,53;99,15
2011-07-06;450,97;99,88
2011-07-07;451,45;100,19
2011-07-08;452,32;100,15
2011-07-11;452,27;100,41
2011-07-12;451,92;100,55
2011-07-13;452,45;99,91
2011-07-14;452,51;99,08
2011-07-15;452,59;99,03
2011-07-18;452,42;99,44
2011-07-19;452,83;99,24
2011-07-20;453,24;99,87
2011-07-21;453,66;98,84
2011-07-22;454,46;98,13
2011-07-25;454,73;98,14
2011-07-26;455,35;97,72
2011-07-27;455,26;97,59
2011-07-28;455,31;97,46
2011-07-29;455,63;97,57
2011-08-01;455,99;98,84
2011-08-02;455,97;98,59
2011-08-03;455,27;99,37
2011-08-04;453,65;101,73
2011-08-05;451,14;102,98
2011-08-08;444,72;100,63
2011-08-09;442,84;101,35
2011-08-10;441,2;101,49
2011-08-11;437,68;102,74
2011-08-12;440,55;101,09
2011-08-15;442,48;101,89
2011-08-16;443,36;101,38
2011-08-17;444,51;101,77
2011-08-18;443,76;102,25
2011-08-19;442,95;103,01
2011-08-22;442,56;102,97
2011-08-23;440,66;102,9
2011-08-24;439,35;102,58
2011-08-25;439,77;101,63
2011-08-26;440;102,78
2011-08-29;441;102,18
2011-08-30;442,12;101,82
2011-08-31;443,81;102,24
2011-09-01;445,17;102,3
2011-09-02;445,65;102,97
2011-09-05;446,02;103,69
2011-09-06;444,06;103,87
2011-09-07;445,38;104,75
2011-09-08;446,2;104,08
2011-09-09;445,67;104,82
2011-09-12;444,24;105,3
2011-09-13;443,62;104,51
2011-09-14;444,39;103,91
2011-09-15;444,93;103,59
2011-09-16;445,54;103,03
2011-09-19;446,12;103,18
2011-09-20;446,16;103,79
2011-09-21;446,68;103,32
2011-09-22;444,5;104,51
2011-09-23;443,5;105,54
2011-09-26;442,99;104,64
2011-09-27;442,74;103,56
2011-09-28;441,49;103,21
2011-09-29;440,2;103,18
2011-09-30;437,79;103,39
2011-10-03;435,97;104,69
2011-10-04;431,08;105,1
2011-10-05;430,65;104,71
2011-10-06;432,86;104,31
2011-10-07;433,94;103,43
2011-10-10;434;102,91
2011-10-11;436,3;102,92
2011-10-12;438,67;102,19
2011-10-13;439,78;102,47
2011-10-14;441,59;102,58
2011-10-17;442,85;102,49
2011-10-18;443,77;102,55
2011-10-19;445,72;102,3
2011-10-20;446,96;102,72
2011-10-21;448,87;102,37
2011-10-24;450,57;101,55
2011-10-25;452,37;101,29
2011-10-26;452,75;102,07
2011-10-27;455,29;101,59
2011-10-28;455,85;99,93
2011-10-31;456,15;102,78
2011-11-01;454,63;104,86
2011-11-02;455,07;106,21
2011-11-03;455,74;105,95
2011-11-04;456,44;105,16
2011-11-07;456,77;105,55
2011-11-08;456,27;105,63
2011-11-09;455,37;104,68
2011-11-10;454,75;105,7
2011-11-11;454,68;104,92
2011-11-14;454,85;104,46
2011-11-15;454,38;104,41
2011-11-16;453,9;104,31
2011-11-17;453,42;104,54
2011-11-18;452,56;104,73
2011-11-21;451,31;104,21
2011-11-22;450,42;104,57
2011-11-23;449,16;104,87
2011-11-24;449,09;105,39
2011-11-25;448,7;105,73
2011-11-28;449,55;105,53
2011-11-29;449,42;106,24
2011-11-30;450,94;105,93
2011-12-01;451,75;104,71
2011-12-02;453,27;104,83
2011-12-05;454,48;105,79
2011-12-06;454,91;105,33
2011-12-07;455,76;104,89
2011-12-08;456,03;105,27
2011-12-09;455,92;105,88
2011-12-12;455,94;105,16
2011-12-13;456,67;105,85
2011-12-14;456,36;106,36
2011-12-15;456,52;106,86
2011-12-16;456,79;106,58
2011-12-19;456,53;107,07
2011-12-20;457,09;107,67
2011-12-21;457,34;106,56
2011-12-22;458,03;106,51
2011-12-23;458,1;106,67
2011-12-26;458,42;105,79
2011-12-27;458,84;105,9
2011-12-28;459,57;105,78
2011-12-29;460,29;106,64
2011-12-30;460,62;106,5
2012-01-02;460,8;106,77
2012-01-03;462,03;106,77
2012-01-04;462,37;104,8
2012-01-05;462,5;104,6
2012-01-06;462,95;105,2
2012-01-09;463,47;105,53
2012-01-10;464,22;105,12
2012-01-11;464,24;105,02
2012-01-12;464,05;105,59
2012-01-13;463,57;105,28
2012-01-16;463,83;105,78
2012-01-17;463,86;105,84
2012-01-18;463,97;105,84
2012-01-19;464,99;105,45
2012-01-20;464,84;105,34
2012-01-23;465,64;104,77
2012-01-24;466,38;104,5
2012-01-25;467,69;105,68
2012-01-26;469,75;106,18
2012-01-27;469,98;106,21
2012-01-30;470,21;105,71
2012-01-31;470,65;105,51
2012-02-01;470,79;105,58
2012-02-02;471,34;105,28
2012-02-03;472,28;105,52
2012-02-06;472,91;105,13
2012-02-07;472,88;105,43
2012-02-08;473,57;105,3
2012-02-09;474,08;105,56
2012-02-10;473,73;106,14
2012-02-13;474,32;106,7
2012-02-14;474,43;106,46
2012-02-15;474,33;108,02
2012-02-16;473,9;107,96
2012-02-17;475,11;108,24
2012-02-20;475,31;108,99
2012-02-21;475,75;109,18
2012-02-22;476,67;108,9
2012-02-23;477,48;110,04
2012-02-24;478,72;109,74
2012-02-27;479,41;111,53
2012-02-28;480,21;110,68
2012-02-29;480,85;111,1
2012-03-01;481,06;111,43
2012-03-02;481,08;111,14
2012-03-05;480,24;111,98
2012-03-06;477,93;111,77
2012-03-07;477,99;111,1
2012-03-08;478,49;111,75
2012-03-09;478,92;111,84
2012-03-12;479,16;112,66
2012-03-13;479,02;112,68
2012-03-14;478,78;113,03
2012-03-15;477,98;112,97
2012-03-16;477,97;112,21
2012-03-19;477,85;112,13
2012-03-20;477,35;111,6
2012-03-21;477,9;111,66
2012-03-22;477,4;111,88
2012-03-23;477,43;111,1
2012-03-26;477,63;111,52
2012-03-27;477,95;111,68
2012-03-28;478,06;112,33
2012-03-29;477,87;111,81
2012-03-30;477,81;111,52
2012-04-02;477,92;112,38
2012-04-03;478,06;110,79
2012-04-04;477,55;111,41
2012-04-05;477,22;111,24
2012-04-06;477,57;111,74
2012-04-09;476,91;111,62
2012-04-10;476,18;112,13
2012-04-11;476,07;111,17
2012-04-12;476,68;111,12
2012-04-13;477,35;110,91
2012-04-16;477,76;111,48
2012-04-17;478,22;110,93
2012-04-18;478,25;111,49
2012-04-19;478,3;112,19
2012-04-20;478,81;112,66
2012-04-23;478,45;112,44
2012-04-24;479,41;112,17
2012-04-25;480,87;112,33
2012-04-26;481,49;112,1
2012-04-27;482,17;112,2
2012-04-30;483,13;112,33
2012-05-01;484,12;110,58
2012-05-02;483,98;110,87
2012-05-03;484,62;111,08
2012-05-04;484,95;111,06
2012-05-07;485,38;110,99
2012-05-08;485,37;111,2
2012-05-09;484,76;111,25
2012-05-10;485;111,13
2012-05-11;484,37;111,29
2012-05-14;484,02;111,9
2012-05-15;483,93;112,11
2012-05-16;482,03;112,83
2012-05-17;479,59;112,72
2012-05-18;478,39;111,93
2012-05-21;477,26;111,49
2012-05-22;478,68;111,57
2012-05-23;478,99;112,14
2012-05-24;478,75;111,7
2012-05-25;478,67;111,81
2012-05-28;478,94;111,72
2012-05-29;479,92;111,86
2012-05-30;479,89;111,78
2012-05-31;480,26;112,02
2012-06-01;479,01;112,11
2012-06-04;477,99;112,27
2012-06-05;476,67;111,86
2012-06-06;477,79;112,07
2012-06-07;479,4;112,16
2012-06-08;479,67;113,01
2012-06-11;480,17;112,97
2012-06-12;479,68;112,79
2012-06-13;479,84;112,65
2012-06-14;480,32;112,87
2012-06-15;481,12;112,82
2012-06-18;481,74;113,01
2012-06-19;483,02;112,65
2012-06-20;484,55;112,2
2012-06-21;485,03;112,68
2012-06-22;485,13;113,83
2012-06-25;484,89;113,77
2012-06-26;485,15;113,26
2012-06-27;485,83;112,71
2012-06-28;486,1;112,94
2012-06-29;487,16;113,02
2012-07-02;487,88;113,19
2012-07-03;488,3;113,38
2012-07-04;488,52;113,69
2012-07-05;489,11;113,96
2012-07-06;489,61;113,99
2012-07-09;490,15;113,7
2012-07-10;490,63;114,03
2012-07-11;490,94;113,79
2012-07-12;490,98;114,17
2012-07-13;490,98;114,15
2012-07-16;491,3;114,04
2012-07-17;491,68;113,53
2012-07-18;492,78;113,53
2012-07-19;493,61;113,08
2012-07-20;493,87;113,02
2012-07-23;493,49;112,93
2012-07-24;493,52;112,99
2012-07-25;493,37;112,97
2012-07-26;493,58;112,86
2012-07-27;493,87;112,88
2012-07-30;495,06;112,3
2012-07-31;495,76;112,27
2012-08-01;496,28;112,17
2012-08-02;496,98;112,5
2012-08-03;497,2;112,27
2012-08-06;498,13;112,24
2012-08-07;498,99;111,77
2012-08-08;499,01;111,81
2012-08-09;499,28;111,46
2012-08-10;499,23;111,63
2012-08-13;499,34;111,4
2012-08-14;499,18;111,64
2012-08-15;498,62;111,67
2012-08-16;498,42;111,43
2012-08-17;498,68;111,53
2012-08-20;498,97;112,03
2012-08-21;499,45;111,74
2012-08-22;499,9;111,68
2012-08-23;500,21;111,57
2012-08-24;500,48;111,78
2012-08-27;500,98;112,05
2012-08-28;501,11;112,13
2012-08-29;501,37;112,13
2012-08-30;501,55;112,15
2012-08-31;501,88;112,28
2012-09-03;502,19;112,37
2012-09-04;502,13;112,59
2012-09-05;502,31;112,65
2012-09-06;502,76;112,42
2012-09-07;504,02;112,36
2012-09-10;504,64;111,52
2012-09-11;505,16;111,61
2012-09-12;506,27;110,85
2012-09-13;507,05;110,21
2012-09-14;508,56;110,31
2012-09-17;509,29;109,31
2012-09-18;509,53;110,89
2012-09-19;509,57;111,25
2012-09-20;509,15;111,1
2012-09-21;509,12;111,1
2012-09-24;509,08;110,99
2012-09-25;508,41;110,91
2012-09-26;507,2;111,14
2012-09-27;507,45;111,45
2012-09-28;507,67;111,14
2012-10-01;508,06;111,7
2012-10-02;508,05;112
2012-10-03;508,05;112,31
2012-10-04;508,84;112,72
2012-10-05;509,15;112,38
2012-10-08;509,58;111,88
2012-10-09;509,63;111,49
2012-10-10;509,57;111,63
2012-10-11;509,97;111,6
2012-10-12;510,35;112,26
2012-10-15;510,81;112,14
2012-10-16;511,28;112,67
2012-10-17;512,22;112,15
2012-10-18;512,68;112,02
2012-10-19;512,6;112,22
2012-10-22;512,21;112,55
2012-10-23;511,46;113,05
2012-10-24;511,2;113,4
2012-10-25;511,06;113,28
2012-10-26;510,95;113,37
2012-10-29;511,01;113,18
2012-10-30;510,99;113,74
2012-10-31;511,09;112
2012-11-01;511,39;113,97
2012-11-02;511,54;114,36
2012-11-05;511,99;114,7
2012-11-06;511,9;114,59
2012-11-07;511,56;114,01
2012-11-08;511,81;114,64
2012-11-09;510,56;115,37
2012-11-12;510,79;114,5
2012-11-13;509,93;114,69
2012-11-14;509,53;114,71
2012-11-15;508,68;115,83
2012-11-16;507,62;117,1
2012-11-19;508,6;117,57
2012-11-20;509,35;117,23
2012-11-21;509,64;117,45
2012-11-22;509,77;118,14
2012-11-23;509,91;118,14
2012-11-26;510,75;118,36
2012-11-27;511,32;117,61
2012-11-28;511,71;118,14
2012-11-29;512,77;118,06
2012-11-30;513,66;118,32
2012-12-03;514,26;118,64
2012-12-04;515,1;118,26
2012-12-05;517,15;118,17
2012-12-06;517,56;119,01
2012-12-07;517,55;119,21
2012-12-10;518,43;118,95
2012-12-11;519,01;118,91
2012-12-12;519,42;118,77
2012-12-13;519,71;119,51
2012-12-14;519,66;119,77
2012-12-17;519,73;120,38
2012-12-18;519,59;119,61
2012-12-19;520,18;119,94
2012-12-20;520,18;119,85
2012-12-21;520,17;120,15
2012-12-24;520,35;120,49
2012-12-25;520,42;120,79
2012-12-26;520,4;121,71
2012-12-27;520,7;122,4
2012-12-28;520,74;123,93
2012-12-31;520,71;124,15
2013-01-01;520,75;123,77
2013-01-02;521,7;123,77
2013-01-03;522,68;123,03
2013-01-04;522,9;123,94
2013-01-07;523,67;124,54
2013-01-08;523,86;123,87
2013-01-09;524,1;123,61
2013-01-10;524,01;125,16
2013-01-11;524,12;126,29
2013-01-14;524,41;126,65
2013-01-15;524,27;127,17
2013-01-16;524,37;125,95
2013-01-17;524,51;126,3
2013-01-18;525,12;127,59
2013-01-21;525,29;127,72
2013-01-22;525,56;127,63
2013-01-23;526,21;126,27
2013-01-24;526,49;126,16
2013-01-25;526,19;128,75
2013-01-28;526,18;128,54
2013-01-29;525,37;127,54
2013-01-30;525,15;127,81
2013-01-31;524,03;128,28
2013-02-01;523,84;129,26
2013-02-04;523,29;130,12
2013-02-05;522,94;130,29
2013-02-06;522,9;131,8
2013-02-07;522,59;132,03
2013-02-08;522,4;132,35
2013-02-11;522,57;132,44
2013-02-12;522,36;133,11
2013-02-13;522,63;131,6
2013-02-14;522,79;131,19
2013-02-15;522,97;131,16
2013-02-18;523,15;132,3
2013-02-19;523,1;132,3
2013-02-20;523,14;131,93
2013-02-21;523,14;132,42
2013-02-22;523,39;131,92
2013-02-25;524,33;133,14
2013-02-26;524,19;132,28
2013-02-27;524,18;131,14
2013-02-28;524,7;131,68
2013-03-01;524,82;132,05
2013-03-04;524,87;133,79
2013-03-05;525,48;133,19
2013-03-06;525,68;132,65
2013-03-07;525,6;133,56
2013-03-08;525,47;134,28
2013-03-11;525,58;135,25
2013-03-12;525,87;135,73
2013-03-13;526,12;135,53
2013-03-14;526,45;135,28
2013-03-15;526,72;135,64
2013-03-18;527,06;134,4
2013-03-19;527,68;135,68
2013-03-20;527,65;136,08
2013-03-21;527,61;136,14
2013-03-22;527,84;135,27
2013-03-25;527,83;135
2013-03-26;527,82;133,96
2013-03-27;528,19;134,85
2013-03-28;528,24;135,09
2013-03-29;528,41;134,6
2013-04-01;528,76;135,09
2013-04-02;529,21;133,47
2013-04-03;529,61;134,01
2013-04-04;529,93;133,46
2013-04-05;530,17;139,79
2013-04-08;530,59;142,59
2013-04-09;530,97;143,37
2013-04-10;531,21;143,18
2013-04-11;532,27;143,25
2013-04-12;533,03;143,34
2013-04-15;533,15;142,66
2013-04-16;533,27;140,33
2013-04-17;533,01;141,64
2013-04-18;533,21;141,76
2013-04-19;533,45;142,45
2013-04-22;534,01;144,45
2013-04-23;534,82;143,85
2013-04-24;535,53;144,27
2013-04-25;536,43;144,26
2013-04-26;537,26;143,53
2013-04-29;538,49;144,03
2013-04-30;539,61;142,2
2013-05-01;540,46;141,02
2013-05-02;541,37;141,61
2013-05-03;541,6;141,62
2013-05-06;542,07;140,46
2013-05-07;543,07;142,99
2013-05-08;543,33;142,48
2013-05-09;543,43;142,57
2013-05-10;542,51;145,54
2013-05-13;541,36;146,12
2013-05-14;540,71;145,21
2013-05-15;540,37;145,63
2013-05-16;540,86;145,99
2013-05-17;540,42;146,87
2013-05-20;540,74;146,93
2013-05-21;540,67;146,27
2013-05-22;540,52;146,76
2013-05-23;539,2;146,98
2013-05-24;538,75;145,44
2013-05-27;538,9;143,43
2013-05-28;538,16;144,51
2013-05-29;536,03;143,68
2013-05-30;535,55;142,7
2013-05-31;534,59;142,71
2013-06-03;533,18;141,38
2013-06-04;532,14;140,06
2013-06-05;529,37;140,95
2013-06-06;528,73;140,26
2013-06-07;530,07;137,69
2013-06-10;529,67;137,15
2013-06-11;527,02;138,29
2013-06-12;526,63;135,32
2013-06-13;526,49;133,07
2013-06-14;527,87;133,06
2013-06-17;528,9;133,44
2013-06-18;528,71;133,31
2013-06-19;527,55;134,18
2013-06-20;521,16;133,67
2013-06-21;519,86;134,16
2013-06-24;515,16;134,19
2013-06-25;513,76;133,06
2013-06-26;515,22;133,42
2013-06-27;517,46;133,27
2013-06-28;518,78;135,27
2013-07-01;519,58;136,43
2013-07-02;520,25;136,64
2013-07-03;519,94;138,2
2013-07-04;519,92;136,82
2013-07-05;518,49;137,4
2013-07-08;518,21;136,55
2013-07-09;519,32;136,87
2013-07-10;519,86;137,18
2013-07-11;523,34;134,64
2013-07-12;524,17;135,21
2013-07-15;525,53;135,1
2013-07-16;526,66;136,83
2013-07-17;527,92;136,06
2013-07-18;529,12;137,03
2013-07-19;530,4;138,03
2013-07-22;531,58;137,56
2013-07-23;531,63;136,89
2013-07-24;529,94;136,73
2013-07-25;528,52;136,94
2013-07-26;528,38;135,71
2013-07-29;527,97;134,03
2013-07-30;527,94;133,96
2013-07-31;527,21;133,87
2013-08-01;526,02;133,7
2013-08-02;526,28;134,7
2013-08-05;526,09;135,4
2013-08-06;525,8;133,5
2013-08-07;525,19;132,68
2013-08-08;525,29;132,19
2013-08-09;525,12;132,59
2013-08-12;524,94;131,76
2013-08-13;523,9;133,15
2013-08-14;523,69;133,21
2013-08-15;522,54;132,78
2013-08-16;521,63;131,15
2013-08-19;520,68;131,14
2013-08-20;520,48;130,7
2013-08-21;519,79;131,07
2013-08-22;519,28;130,83
2013-08-23;520,19;132,08
2013-08-26;520,99;132,59
2013-08-27;521,22;132,09
2013-08-28;520,97;131,56
2013-08-29;521,57;131,91
2013-08-30;522,06;132,78
2013-09-02;521,68;132,88
2013-09-03;521,99;134,39
2013-09-04;521,46;133,46
2013-09-05;520,28;133,17
2013-09-06;520,65;132,53
2013-09-09;521,47;132,81
2013-09-10;521,17;133,15
2013-09-11;521,86;133,41
2013-09-12;522,35;133,19
2013-09-13;522,73;133,31
2013-09-16;523,66;133,49
2013-09-17;524,31;133,58
2013-09-18;526,24;133,36
2013-09-19;527,9;133,54
2013-09-20;528,25;134,97
2013-09-23;528,08;135,13
2013-09-24;528,34;134,46
2013-09-25;528,26;134,91
2013-09-26;527,87;134,69
2013-09-27;527,82;135,31
2013-09-30;526,97;133,91
2013-10-01;527,37;134,96
2013-10-02;527,78;134,24
2013-10-03;528,74;133,49
2013-10-04;529,05;133,57
2013-10-07;529,49;133,14
2013-10-08;530;132,7
2013-10-09;529,76;133,04
2013-10-10;530,5;133,45
2013-10-11;530,89;134,16
2013-10-14;530,96;134,28
2013-10-15;531,37;134,65
2013-10-16;532,78;134,15
2013-10-17;534,24;135,21
2013-10-18;535,73;135,04
2013-10-21;536,65;135,02
2013-10-22;537,85;135,08
2013-10-23;538,57;135,81
2013-10-24;538,89;135,18
2013-10-25;539,35;134,72
2013-10-28;539,74;135,3
2013-10-29;540,16;135,08
2013-10-30;540,56;136,27
2013-10-31;540,7;136,38
2013-11-01;540,47;135,81
2013-11-04;540,51;135,09
2013-11-05;539,87;135,78
2013-11-06;539,5;135,16
2013-11-07;539,72;135,68
2013-11-08;538,19;135,45
2013-11-11;538,22;135,01
2013-11-12;537,27;135,42
2013-11-13;536,38;135,75
2013-11-14;537,18;135,75
2013-11-15;537,67;137,73
2013-11-18;538,91;137,7
2013-11-19;538,88;137,59
2013-11-20;539,1;137,55
2013-11-21;539,06;137,17
2013-11-22;539,14;138,23
2013-11-25;540;138,96
2013-11-26;540,93;139,1
2013-11-27;541,2;139,27
2013-11-28;541,28;139,76
2013-11-29;541,46;140,42
2013-12-02;541,7;140,33
2013-12-03;541,59;140,43
2013-12-04;541;140,25
2013-12-05;540,59;139,45
2013-12-06;540,83;138,45
2013-12-09;541,68;140,04
2013-12-10;542,23;140,52
2013-12-11;542,35;140,49
2013-12-12;542,16;139,69
2013-12-13;541,78;140,6
2013-12-16;541,87;140,17
2013-12-17;541,79;140,01
2013-12-18;541,62;140,06
2013-12-19;541,75;141,25
2013-12-20;542,26;141,1
2013-12-23;542,54;141,49
2013-12-24;542,42;140,85
2013-12-25;542,53;140,43
2013-12-26;542,41;141,1
2013-12-27;542,32;141,27
2013-12-30;542,58;141,65
2013-12-31;542,78;142
2014-01-01;542,76;141,46
2014-01-02;543,39;141,46
2014-01-03;543,6;141,92
2014-01-06;544,25;140,84
2014-01-07;545,1;140,9
2014-01-08;545,27;141,61
2014-01-09;545,47;141,1
2014-01-10;545,93;141,58
2014-01-13;546,58;142,76
2014-01-14;546,51;140,92
2014-01-15;546,89;141,56
2014-01-16;547,55;142,35
2014-01-17;547,8;142,19
2014-01-20;548,09;141,97
2014-01-21;548,38;142,55
2014-01-22;548,45;142,14
2014-01-23;548,87;142,41
2014-01-24;547,64;141,65
2014-01-27;546,74;140,6
2014-01-28;546,93;140,72
2014-01-29;546,88;141,46
2014-01-30;546,75;140,9
2014-01-31;546,66;141,66
2014-02-03;546,98;141,32
2014-02-04;546,51;140,72
2014-02-05;546,18;140,79
2014-02-06;546,69;140,34
2014-02-07;547,69;140,66
2014-02-10;548,6;141,61
2014-02-11;549,6;141,7
2014-02-12;550,01;141,13
2014-02-13;550,74;140,73
2014-02-14;551,09;141,12
2014-02-17;551,41;139,9
2014-02-18;552,38;140,91
2014-02-19;553,29;141,44
2014-02-20;554,05;141,16
2014-02-21;554,73;141,26
2014-02-24;555,68;141,59
2014-02-25;556,81;141,37
2014-02-26;557,58;141,38
2014-02-27;557,89;142,08
2014-02-28;559,13;141,69
2014-03-03;558,91;140,69
2014-03-04;558,86;141,66
2014-03-05;559,09;141,58
2014-03-06;558,82;141,88
2014-03-07;557,75;142,3
2014-03-10;557,32;141,9
2014-03-11;557,16;142,12
2014-03-12;557,06;141,77
2014-03-13;557,31;142,1
2014-03-14;557,25;141,56
2014-03-17;557,25;141,01
2014-03-18;557,95;141,05
2014-03-19;557,98;140,8
2014-03-20;557,41;140,8
2014-03-21;557,79;140,75
2014-03-24;558,03;141,08
2014-03-25;558,17;141,01
2014-03-26;558,59;141,05
2014-03-27;558,6;140,93
2014-03-28;558,72;141,38
2014-03-31;559,27;142,12
2014-04-01;559,3;142,46
2014-04-02;559,22;142,83
2014-04-03;559,21;142,55
2014-04-04;559,87;142,69
2014-04-07;560,4;142,52
2014-04-08;560,54;142,55
2014-04-09;560,84;141,39
2014-04-10;561,4;141,47
2014-04-11;561,1;141,34
2014-04-14;561,39;141,53
2014-04-15;561,55;141,84
2014-04-16;561,75;142,33
2014-04-17;561,38;142,14
2014-04-18;561,44;141,74
2014-04-21;561,6;141,88
2014-04-22;561,83;142,06
2014-04-23;562,02;141,95
2014-04-24;562,39;142,12
2014-04-25;562,57;141,97
2014-04-28;562,98;141,81
2014-04-29;563,19;141,53
2014-04-30;563,56;142,35
2014-05-01;564,06;142,23
2014-05-02;564,33;142,86
2014-05-05;564,59;143,07
2014-05-06;565,3;143,08
2014-05-07;565,59;142,02
2014-05-08;566,22;142,51
2014-05-09;566,06;142,4
2014-05-12;566,75;142,81
2014-05-13;567,55;142,72
2014-05-14;568,07;143,19
2014-05-15;568,31;143,37
2014-05-16;568,67;143,57
2014-05-19;568,7;143,24
2014-05-20;569,11;142,89
2014-05-21;568,94;143,06
2014-05-22;568,95;142,98
2014-05-23;569;143,41
2014-05-26;569,3;143,78
2014-05-27;569,51;143,74
2014-05-28;570,11;143,98
2014-05-29;570,7;144,52
2014-05-30;571,02;144,2
2014-06-02;571,11;144,47
2014-06-03;570,85;144,47
2014-06-04;570,86;144,05
2014-06-05;570,93;143,98
2014-06-06;571,73;143,8
2014-06-09;572,2;143,96
2014-06-10;572,79;143,62
2014-06-11;572,85;143,18
2014-06-12;573,54;142,87
2014-06-13;573,89;143,14
2014-06-16;574,15;143,16
2014-06-17;573,99;143,14
2014-06-18;574,39;142,85
2014-06-19;574,59;143,32
2014-06-20;575,06;142,87
2014-06-23;575,68;143,3
2014-06-24;575,92;142,85
2014-06-25;576;143,53
2014-06-26;576,27;143,37
2014-06-27;576,04;143,52
2014-06-30;575,98;143,26
2014-07-01;576,05;143,49
2014-07-02;575,71;143,19
2014-07-03;575,47;142,99
2014-07-04;575,62;143,18
2014-07-07;576;143,25
2014-07-08;576,08;142,93
2014-07-09;575,98;143,26
2014-07-10;574,99;143,34
2014-07-11;574,79;143,32
2014-07-14;575;143,55
2014-07-15;574,51;143,68
2014-07-16;574;143,68
2014-07-17;573,75;143,74
2014-07-18;572,51;143,97
2014-07-21;572,31;143,72
2014-07-22;572,66;144,14
2014-07-23;573,18;144,26
2014-07-24;573,24;144,34
2014-07-25;573,34;144,16
2014-07-28;572,95;144,6
2014-07-29;573,5;144,51
2014-07-30;572,04;145,15
2014-07-31;568,76;145,17
2014-08-01;566,35;145,06
2014-08-04;566,43;145,55
2014-08-05;567,85;145,72
2014-08-06;568,13;145,74
2014-08-07;569,26;145,27
2014-08-08;569,86;145,81
2014-08-11;571,28;145,85
2014-08-12;573,01;146
2014-08-13;574,55;145,71
2014-08-14;576,12;146,49
2014-08-15;577,1;146,77
2014-08-18;577,74;147,19
2014-08-19;578,47;147,05
2014-08-20;579,1;147,46
2014-08-21;579,56;148,24
2014-08-22;579,76;148,71
2014-08-25;580,26;149,05
2014-08-26;580,32;149,06
2014-08-27;580,7;149,06
2014-08-28;580,85;148,93
2014-08-29;580,81;149,17
2014-09-01;580,85;149,68
2014-09-02;580,26;150,06
2014-09-03;580,19;150,38
2014-09-04;579,29;150,12
2014-09-05;578,19;150,54
2014-09-08;577,78;149,9
2014-09-09;577,13;151,11
2014-09-10;575,52;150,87
2014-09-11;574,68;151,42
2014-09-12;573,63;151,84
2014-09-15;573,43;151,22
2014-09-16;572,85;151,45
2014-09-17;573,29;151,51
2014-09-18;574,39;152,92
2014-09-19;575,05;153,33
2014-09-22;574,98;154,02
2014-09-23;574,14;154,36
2014-09-24;572,7;154,17
2014-09-25;570,65;154,66
2014-09-26;569,38;154,36
2014-09-29;568,13;155,25
2014-09-30;569,51;155,83
2014-10-01;570,84;156,12
2014-10-02;571,26;156,47
2014-10-03;573,05;155,57
2014-10-06;575,19;156,83
2014-10-07;575,32;156,05
2014-10-08;574,44;155,99
2014-10-09;573,36;156,55
2014-10-10;572,23;155,6
2014-10-13;572,34;156,11
2014-10-14;570,64;155,07
2014-10-15;568,39;156,55
2014-10-16;570,36;155,39
2014-10-17;575,14;155,71
2014-10-20;576,24;156,41
2014-10-21;579,26;156,18
2014-10-22;580,08;156,04
2014-10-23;580,73;156,18
2014-10-24;580,8;156,82
2014-10-27;581,01;156,79
2014-10-28;581,22;156,99
2014-10-29;581,43;156,82
2014-10-30;581,5;157,61
2014-10-31;581,9;158,22
2014-11-03;582,28;157,98
2014-11-04;581,72;164,27
2014-11-05;582,32;164,26
2014-11-06;582,06;165,69
2014-11-07;582,6;165,75
2014-11-10;582,4;165,76
2014-11-11;582,44;165,69
2014-11-12;582,37;167,22
2014-11-13;581,99;166,76
2014-11-14;581,59;167,9
2014-11-17;580,7;168,68
2014-11-18;579,8;168,66
2014-11-19;578,24;169,53
2014-11-20;577,75;170,8
2014-11-21;578,91;170,88
2014-11-24;580,1;171,22
2014-11-25;580,84;171,35
2014-11-26;581,5;171,43
2014-11-27;581,73;171,34
2014-11-28;581,06;172,37
2014-12-01;578,51;174,32
2014-12-02;577,43;172,95
2014-12-03;577,69;173,46
2014-12-04;578,05;174,32
2014-12-05;578,1;174,87
2014-12-08;577,32;176,5
2014-12-09;574,96;176,21
2014-12-10;573,26;174,6
2014-12-11;572,05;172,49
2014-12-12;568,93;174,33
2014-12-15;566,47;175,15
2014-12-16;564,06;173,43
2014-12-17;566,32;172,98
2014-12-18;571,99;174,59
2014-12-19;573,89;173,97
2014-12-22;575,57;175,27
2014-12-23;575,9;175,31
2014-12-24;576,33;175,56
2014-12-25;576,41;174,97
2014-12-26;576,61;175,09
2014-12-29;577,35;175,64
2014-12-30;577,55;176,27
2014-12-31;578,07;176,51
2015-01-01;578,16;176,82
2015-01-02;578,21;176,82
2015-01-05;577,07;177,32
2015-01-06;576,06;176,95
2015-01-07;576,81;177,38
2015-01-08;578,21;178,28
2015-01-09;579,15;178,17
2015-01-12;579,6;178,95
2015-01-13;579,64;176,87
2015-01-14;578,63;176,5
2015-01-15;579,45;177,38
2015-01-16;579,31;176,97
2015-01-19;579,88;177,09
2015-01-20;579,7;177,86
2015-01-21;579,52;179,46
2015-01-22;580,63;177,85
2015-01-23;581,72;178,02
2015-01-26;582,32;177,84
2015-01-27;582,17;178,82
2015-01-28;583,81;177,87
2015-01-29;583,85;179,13
2015-01-30;583,99;179,31
2015-02-02;584,33;179,63
2015-02-03;584,78;179,22
2015-02-04;585,8;178,49
2015-02-05;586,19;177,87
2015-02-06;586,97;177,66
2015-02-09;587,31;177,78
2015-02-10;587,36;177,09
2015-02-11;588,04;176,63
2015-02-12;588,44;179,07
2015-02-13;588,71;177,39
2015-02-16;588,77;176,19
2015-02-17;588,94;175,83
2015-02-18;590;175,82
2015-02-19;589,7;175,96
2015-02-20;589,92;176,03
2015-02-23;591,29;175,87
2015-02-24;592,18;176,44
2015-02-25;592,95;177,42
2015-02-26;593,5;178,05
2015-02-27;594,19;177,33
2015-03-02;594,17;178,83
2015-03-03;593,65;177,84
2015-03-04;592,6;176,72
2015-03-05;592,55;177,17
2015-03-06;590,85;177,6
2015-03-09;590,51;176,85
2015-03-10;588,73;178,64
2015-03-11;589,13;179,12
2015-03-12;589,58;179,88
2015-03-13;588,5;179,86
2015-03-16;587,67;179,63
2015-03-17;586,62;180,25
2015-03-18;587,27;180,5
2015-03-19;588,08;180,23
2015-03-20;589,19;180,8
2015-03-23;589,61;180,31
2015-03-24;590,65;180,35
2015-03-25;590,53;180,84
2015-03-26;589,85;179,54
2015-03-27;590,32;178,17
2015-03-30;591,05;178,96
2015-03-31;591,73;180,33
2015-04-01;592,36;180,47
2015-04-02;592,34;180,91
2015-04-03;592,82;180,4
2015-04-06;593,65;180,51
2015-04-07;595,2;180,43
2015-04-08;596,25;181,67
2015-04-09;595,88;181,64
2015-04-10;596,21;181,17
2015-04-13;596,89;180,75
2015-04-14;596,36;180,5
2015-04-15;597,32;180,64
2015-04-16;597,41;179,83
2015-04-17;596,88;180,01
2015-04-20;597;180,13
2015-04-21;597,05;180,46
2015-04-22;596,87;180,67
2015-04-23;596,99;180,15
2015-04-24;597,28;179,87
2015-04-27;597,66;179,61
2015-04-28;597,22;179,78
2015-04-29;596,33;178,97
2015-04-30;596,24;177,97
2015-05-01;595,95;178,97
2015-05-04;596,5;177,98
2015-05-05;596,28;177,61
2015-05-06;595,03;177,28
2015-05-07;594,61;175,96
2015-05-08;595,64;177,39
2015-05-11;595,09;177,96
2015-05-12;593,77;176,82
2015-05-13;594,75;176,39
2015-05-14;595,28;175,41
2015-05-15;596,41;176,19
2015-05-18;595,92;177,81
2015-05-19;595,47;177,08
2015-05-20;595,25;177,78
2015-05-21;596,13;178,37
2015-05-22;595,99;179,38
2015-05-25;596,44;179,94
2015-05-26;596,44;180,01
2015-05-27;596,76;182,94
2015-05-28;596,96;183,91
2015-05-29;597,32;184,1
2015-06-01;596,7;185,05
2015-06-02;596,19;184,99
2015-06-03;594,91;182,84
2015-06-04;594,06;181,56
2015-06-05;591,99;182,6
2015-06-08;591,88;182,8
2015-06-09;590,15;181,83
2015-06-10;589,76;181
2015-06-11;591,08;178,11
2015-06-12;590,5;180,18
2015-06-15;589,23;180,25
2015-06-16;588,57;180,55
2015-06-17;588,65;181,25
2015-06-18;589,28;181,28
2015-06-19;590,26;180,54
2015-06-22;590,41;181
2015-06-23;590,11;180,56
2015-06-24;589,84;180,76
2015-06-25;589,4;181,06
2015-06-26;587,99;180,19
2015-06-29;586,89;178,6
2015-06-30;586,87;179,86
2015-07-01;587,33;179,66
2015-07-02;587,65;179,85
2015-07-03;587,97;179,91
2015-07-06;587,51;179,16
2015-07-07;587,1;180,78
2015-07-08;587,01;180,74
2015-07-09;587,22;179,16
2015-07-10;587,36;179,1
2015-07-13;588,39;179,08
2015-07-14;588,83;180,37
2015-07-15;589,86;180,47
2015-07-16;590,17;181,85
2015-07-17;589,11;182,43
2015-07-20;588,48;182,43
2015-07-21;586,96;182,22
2015-07-22;584,8;181,87
2015-07-23;584,62;182,51
2015-07-24;583,51;183,16
2015-07-27;582,34;182,83
2015-07-28;582,42;182,75
2015-07-29;584,35;182,78
2015-07-30;585,65;183,23
2015-07-31;586,41;183,38
2015-08-03;586,66;184,54
2015-08-04;586,3;185,11
2015-08-05;585,42;184,47
2015-08-06;584,03;184,51
2015-08-07;582,87;185,09
2015-08-10;582,5;185,31
2015-08-11;580,86;184,84
2015-08-12;579,33;186,89
2015-08-13;579,5;185,57
2015-08-14;579,65;185,2
2015-08-17;579,98;184,98
2015-08-18;579,37;185,46
2015-08-19;578,58;185
2015-08-20;577,72;185,3
2015-08-21;576,84;185,36
2015-08-24;573,85;183,28
2015-08-25;574,89;179,39
2015-08-26;574,63;178,7
2015-08-27;576,8;179,02
2015-08-28;578,22;180,56
2015-08-31;579,05;180,64
2015-09-01;577,97;180,06
2015-09-02;578,45;179,69
2015-09-03;579,76;179,8
2015-09-04;580,21;179,23
2015-09-08;581,63;178,48
2015-09-09;583,13;179,01
2015-09-10;583,05;179,38
2015-09-11;583,07;179,54
2015-09-14;582,71;179,99
2015-09-15;581,98;180,24
2015-09-16;581,4;180,43
2015-09-17;580,78;178,55
2015-09-18;580,11;178,84
2015-09-21;579,52;179,14
2015-09-22;577,16;179,91
2015-09-23;576,46;179,03
2015-09-24;573,34;179,89
2015-09-25;571,92;180,29
2015-09-28;567;180,79
2015-09-29;564,38;180,38
2015-09-30;564,19;180,48
2015-10-01;562,58;181,35
2015-10-02;561,56;181,15
2015-10-05;564,28;181,4
2015-10-06;568,01;182,48
2015-10-07;573,23;182,24
2015-10-08;574,19;182,34
2015-10-09;576,68;181,46
2015-10-13;576,44;180,95
2015-10-14;575,99;181,01
2015-10-15;575,48;180,95
2015-10-16;576,61;181,17
2015-10-19;577,56;181,23
2015-10-20;578,57;180,71
2015-10-21;579,86;180,99
2015-10-22;579,46;181,27
2015-10-23;580,95;181,21
2015-10-26;581,17;181,73
2015-10-27;580,17;183,52
2015-10-28;580,68;182,86
2015-10-29;580,8;182,7
2015-10-30;581,38;182,53
2015-11-02;582,48;182,14
2015-11-03;583,09;181,37
2015-11-04;583,34;181,2
2015-11-05;581,39;180,68
2015-11-06;578,93;181
2015-11-09;575,84;181,44
2015-11-10;573,97;181,63
2015-11-12;571,18;182,75
2015-11-13;569,17;182,25
2015-11-16;568,75;182,35
2015-11-17;570,98;182,1
2015-11-18;570,76;181,78
2015-11-19;568,89;182,37
2015-11-20;568,11;183,57
2015-11-23;567,8;183,79
2015-11-24;567,56;183,94
2015-11-25;568,7;183,48
2015-11-27;568,79;183,29
2015-11-30;569,96;183,29
2015-12-01;572,28;182,83
2015-12-02;573,77;183,21
2015-12-03;570,85;183,39
2015-12-04;569,42;183,72
2015-12-07;567,05;184,25
2015-12-08;563,87;184,83
2015-12-09;564,08;184,96
2015-12-10;564,46;182,19
2015-12-11;557,9;183,64
2015-12-14;552,35;184,26
2015-12-15;554,87;183,97
2015-12-16;556,84;181,94
2015-12-17;557,86;182,28
2015-12-18;554,73;181,86
2015-12-21;553,78;181,33
2015-12-22;554,95;181,53
2015-12-23;557,02;182,25
2015-12-24;557,43;182,97
2015-12-28;558,24;181,8
2015-12-29;559,12;181,78
2015-12-30;559,47;181,23
2015-12-31;559,88;180,46
2016-01-04;558,81;179,51
2016-01-05;560,54;180,06
2016-01-06;560,97;180,13
2016-01-07;559,87;179,33
2016-01-08;560,02;179,37
2016-01-11;558,69;179,89
2016-01-12;558,37;179,55
2016-01-13;556,09;178,44
2016-01-14;553,93;178,01
2016-01-15;549,14;178,48
2016-01-19;549,49;177,63
2016-01-20;544,43;178,2
2016-01-21;547,61;177,54
2016-01-22;552,48;178,4
2016-01-25;553,19;178,68
2016-01-26;554,28;179,13
2016-01-27;555,12;178,37
2016-01-28;556,12;179,22
2016-01-29;557,9;178,88
2016-02-01;557,25;179,4
2016-02-02;555,44;179,67
2016-02-03;553,8;180,56
2016-02-04;554,6;180,33
2016-02-05;553,27;180,66
2016-02-08;548,44;181,45
2016-02-09;545,74;185,07
2016-02-10;547,1;186,48
2016-02-11;543;185,63
2016-02-12;546,09;185,16
2016-02-16;548,78;181,97
2016-02-17;552,27;181,14
2016-02-18;554,78;181,34
2016-02-19;553,3;180,14
2016-02-22;556,24;179,3
2016-02-23;556,81;179,82
2016-02-24;556,41;177
2016-02-25;559,39;177,07
2016-02-26;563,13;179,15
2016-02-29;566,94;178,04
2016-03-01;571,47;177,06
2016-03-02;574,21;176,34
2016-03-03;576,16;176,1
2016-03-04;580,04;175,69
2016-03-07;581,29;174,86
2016-03-08;579,69;175,19
2016-03-09;578,27;177,06
2016-03-10;580,55;177,21
2016-03-11;584,53;175,69
2016-03-14;585,22;176,65
2016-03-15;583,6;175,92
2016-03-16;582,33;175,96
2016-03-17;585,7;175,55
2016-03-18;588,59;174,17
2016-03-21;589,14;174,36
2016-03-22;588,05;174,91
2016-03-23;586,67;174,24
2016-03-24;582,28;174,62
2016-03-28;581,66;174,79
2016-03-29;580,23;173,87
2016-03-30;582,19;174,04
2016-03-31;582,65;171,64
2016-04-01;582,64;172,03
2016-04-04;583,14;172,68
2016-04-05;581,82;172,81
2016-04-06;582,82;173,88
2016-04-07;582,41;175,02
2016-04-08;583,2;175,22
2016-04-11;584,97;175,18
2016-04-12;588,08;175,43
2016-04-13;592,2;175,31
2016-04-14;593,58;175,38
2016-04-15;593,25;174,03
2016-04-18;593,47;173,46
2016-04-19;597,35;173,2
2016-04-20;600,5;171,55
2016-04-21;600,36;171,25
2016-04-22;600,4;169,79
2016-04-25;599,74;169,75
2016-04-26;600,24;169,97
2016-04-27;602,48;171,23
2016-04-28;602,58;171,37
2016-04-29;604,93;169,21
2016-05-02;604,77;170,73
2016-05-03;602,01;170,58
2016-05-04;599,71;170,74
2016-05-05;599,45;169,88
2016-05-06;597,2;172,8
2016-05-09;597,33;171,85
2016-05-10;598,66;171,93
2016-05-11;600,21;170,55
2016-05-12;600,35;171,09
2016-05-13;599,69;165,88
2016-05-16;600,94;165,36
2016-05-17;602,24;166,3
2016-05-18;601,81;166,63
2016-05-19;599,59;168,45
2016-05-20;601,37;168,24
2016-05-23;602,39;170,2
2016-05-24;603,86;171,26
2016-05-25;605,93;170,28
2016-05-26;606,89;170,79
2016-05-27;606,91;171,23
2016-05-31;607,51;170,79
2016-06-01;606,53;170,52
2016-06-02;607,04;171,1
2016-06-03;608,47;171,17
2016-06-06;611,12;170,86
2016-06-07;613,57;170,15
2016-06-08;616,06;171,15
2016-06-09;615,29;170,09
2016-06-10;613,78;171,09
2016-06-13;612,38;172,29
2016-06-14;608,9;172,62
2016-06-15;609,72;172,26
2016-06-16;607,45;170,23
2016-06-17;609,25;170,08
2016-06-20;613,85;167,9
2016-06-21;613,82;168,81
2016-06-22;615,18;168,65
2016-06-23;616,86;168,16
2016-06-24;611,27;169,07
2016-06-27;607,89;168,59
2016-06-28;609,71;168,38
2016-06-29;613,96;168,35
2016-06-30;616,21;168,2
2016-07-01;618,28;166,79
2016-07-05;619,3;166,26
2016-07-06;619,63;164,11
2016-07-07;621,19;164,97
2016-07-08;624,53;165,58
2016-07-11;628,22;158,53
2016-07-12;631,31;162,93
2016-07-13;630,53;163,41
2016-07-14;631,87;164,78
2016-07-15;631,81;164,84
2016-07-18;632,08;165,27
2016-07-19;632,05;164,87
2016-07-20;632,82;164,6
2016-07-21;633,7;163,77
2016-07-22;634,17;163,34
2016-07-25;633,45;163,3
2016-07-26;632,64;163,31
2016-07-27;632,54;165,46
2016-07-28;631,82;167,63
2016-07-29;631,64;167,37
2016-08-01;630,84;169,01
2016-08-02;629,88;168,2
2016-08-03;630,42;168,89
2016-08-04;632,72;169,34
2016-08-05;634,33;171,04
2016-08-08;635,47;168,79
2016-08-09;637,57;169,93
2016-08-10;637,97;167,55
2016-08-11;638,65;167,81
2016-08-12;639,24;167,73
2016-08-15;640,67;167,34
2016-08-16;641,09;164,91
2016-08-17;641,11;164,37
2016-08-18;641,9;161,97
2016-08-19;642,02;162,1
2016-08-22;642,64;162,64
2016-08-23;643,06;162,95
2016-08-24;643,41;163,35
2016-08-25;643,23;162,56
2016-08-26;643,25;163,03
2016-08-29;643,61;163,06
2016-08-30;643,49;162,57
2016-08-31;642,89;161,6
2016-09-01;642,11;160,57
2016-09-02;642,68;159,31
2016-09-06;643,98;160,71
2016-09-07;644,34;160,44
2016-09-08;644,43;160,19
2016-09-09;641,67;160,44
2016-09-12;640,77;160,61
2016-09-13;638,65;160,36
2016-09-14;637,98;161,71
2016-09-15;638,08;162,74
2016-09-16;637,48;164,65
2016-09-19;637,96;164,63
2016-09-20;637,83;164,83
2016-09-21;639,01;165,49
2016-09-22;642,34;164,97
2016-09-23;642,62;162,18
2016-09-26;641,79;162,68
2016-09-27;641,82;162,75
2016-09-28;642,81;162,7
2016-09-29;644,28;161,15
2016-09-30;645,09;162,56
2016-10-03;645,67;162,35
2016-10-04;645,85;161,57
2016-10-05;646,39;161,76
2016-10-06;646,46;161,46
2016-10-07;646,62;161,45
2016-10-11;647,07;161,77
2016-10-12;646,76;160,99
2016-10-13;645,78;160,54
2016-10-14;646,57;160,39
2016-10-17;647,05;161,05
2016-10-18;647,98;161,91
2016-10-19;649,1;161,98
2016-10-20;649,85;161,93
2016-10-21;650,01;162,7
2016-10-24;650,56;163,07
2016-10-25;650,58;163,81
2016-10-26;649,09;163,9
2016-10-27;648,32;164,12
2016-10-28;647,12;163,47
2016-10-31;644,79;164,96
2016-11-01;641,78;164,23
2016-11-02;639,3;164,24
2016-11-03;638,63;163,95
2016-11-04;637,42;164,14
2016-11-07;640,31;164,06
2016-11-08;640,75;164,8
2016-11-09;638,43;164,48
2016-11-10;636,41;165,18
2016-11-14;630,3;164,73
2016-11-15;633,31;164,92
2016-11-16;633,52;165,34
2016-11-17;634,16;164,81
2016-11-18;633,04;164,93
2016-11-21;634,05;163,91
2016-11-22;636,48;164,39
2016-11-23;636,75;162,51
2016-11-25;637,21;164,48
2016-11-28;638,24;164,68
2016-11-29;638,43;160,52
2016-11-30;639,25;163,35
2016-12-01;638,37;164,01
2016-12-02;638,53;164,52
2016-12-05;639,95;166,21
2016-12-06;641,42;165,98
2016-12-07;644,3;167,43
2016-12-08;645,06;167,84
2016-12-09;646,53;167,42
2016-12-12;647,58;167,59
2016-12-13;648,62;169,86
2016-12-14;648,01;169,55
2016-12-15;645,16;169,67
2016-12-16;644,74;170,61
2016-12-19;645,26;172,46
2016-12-20;645,17;170,76
2016-12-21;645,63;171,62
2016-12-22;646;171,23
2016-12-23;646,59;172,26
2016-12-27;647,42;172,21
2016-12-28;647,93;172,31
2016-12-29;648,14;173,2
2016-12-30;648,7;172,6
2017-01-03;650,42;172,88
2017-01-04;652,33;175,24
2017-01-05;653,87;175,4
2017-01-06;654,11;174,83
2017-01-09;654,78;174,96
2017-01-10;655,03;175,74
2017-01-11;654,64;175,73
2017-01-12;653,96;175,61
2017-01-13;654,3;174,72
2017-01-17;654,65;175,47
2017-01-18;654;175,4
2017-01-19;652,86;174,89
2017-01-20;652,73;175,35
2017-01-23;652,46;177,58
2017-01-24;653,03;175,65
2017-01-25;654,41;175,5
2017-01-26;654,77;174,69
2017-01-27;655,24;175,74
2017-01-30;654,85;175,67
2017-01-31;654,53;174,73
2017-02-01;655,31;174,55
2017-02-02;656,09;173,02
2017-02-03;657,62;171,7
2017-02-06;658,86;173,6
2017-02-07;659,63;173,33
2017-02-08;658,81;171,61
2017-02-09;658,47;170,73
2017-02-10;658,98;171,5
2017-02-13;659,64;169,77
2017-02-14;659,56;172,2
2017-02-15;659,34;172,62
2017-02-16;659,18;171,21
2017-02-17;659,16;170,68
2017-02-21;659,83;170,36
2017-02-22;660,32;170,27
2017-02-23;661,51;169,43
2017-02-24;661,38;169,29
2017-02-27;661,63;170,65
2017-02-28;661,86;170,77
2017-03-01;663,29;172,36
2017-03-02;663,07;172,54
2017-03-03;661,91;171,86
2017-03-06;660,08;172,44
2017-03-07;657,59;171,5
2017-03-08;654,98;171,25
2017-03-09;651,28;170,82
2017-03-10;652,13;171,93
2017-03-13;651,02;171,76
2017-03-14;649,01;171,43
2017-03-15;651,74;171,22
2017-03-16;655,02;171,16
2017-03-17;655,41;172,07
2017-03-20;655,19;172,04
2017-03-21;653,83;171,98
2017-03-22;651,8;171,44
2017-03-23;652,55;171,71
2017-03-24;653,97;171,3
2017-03-27;653,97;171,8
2017-03-28;655,42;172,2
2017-03-29;658,2;171,94
2017-03-30;660,42;171,58
2017-03-31;660,8;171,76
2017-04-03;661,08;170,88
2017-04-04;661,52;170,75
2017-04-05;662,64;171,2
2017-04-06;662,79;170,03
2017-04-07;663,34;169,56
2017-04-10;663,53;169,45
2017-04-11;663,59;169,07
2017-04-12;663,03;167,8
2017-04-13;662,87;168,74
2017-04-17;662,68;168,61
2017-04-18;662,65;169,6
2017-04-19;663,3;170,34
2017-04-20;663,6;169,29
2017-04-21;664,12;169,14
2017-04-24;665,5;169,14
2017-04-25;666,8;169,14
2017-04-26;667,7;169,62
2017-04-27;667,84;169,8
2017-04-28;668,82;169,17
2017-05-01;668,95;168,08
2017-05-02;668,93;167,43
2017-05-03;668,86;168,52
2017-05-04;667,21;168,21
2017-05-05;667,14;168,28
2017-05-08;667,16;168,51
2017-05-09;667,69;168,54
2017-05-10;668,29;169,66
2017-05-11;668,8;169,22
2017-05-12;669,1;170,52
2017-05-15;669,97;170,99
2017-05-16;670,96;171,06
2017-05-17;670,44;171,53
2017-05-18;670,15;171,72
2017-05-19;671,31;172,15
2017-05-22;672,51;171,72
2017-05-23;673,39;171,33
2017-05-24;673,54;172,69
2017-05-25;673,72;173,09
2017-05-26;673,66;173,82
2017-05-30;674,37;174,32
2017-05-31;674,79;174
2017-06-01;675,94;174,11
2017-06-02;676,98;174,44
2017-06-05;677,52;172,9
2017-06-06;677,67;171,95
2017-06-07;677,03;172,36
2017-06-08;676,53;172,51
2017-06-09;677,36;171,75
2017-06-12;677,71;172,29
2017-06-13;678,53;172,51
2017-06-14;679,32;172,73
2017-06-15;678,59;172,14
2017-06-16;678,49;172
2017-06-19;679,09;172,08
2017-06-20;677,7;173,02
2017-06-21;676,14;172,09
2017-06-22;675,74;171,27
2017-06-23;676,1;170,81
2017-06-26;676,99;171,12
2017-06-27;677,48;171,02
2017-06-28;677,37;171,09
2017-06-29;677,39;170,76
2017-06-30;677,48;170,88
2017-07-03;677,59;171,3
2017-07-05;677,58;173,08
2017-07-06;676,8;173,1
2017-07-07;675,72;173,8
2017-07-10;676,02;173,64
2017-07-11;676,55;173,25
2017-07-12;678,22;173,76
2017-07-13;678,48;173,68
2017-07-14;679,48;174,86
2017-07-17;680,96;174,13
2017-07-18;681,62;174,44
2017-07-19;682,7;173,25
2017-07-20;683,3;173,14
2017-07-21;683,37;174,06
2017-07-24;683,37;174,02
2017-07-25;683,61;173,99
2017-07-26;684,57;175,1
2017-07-27;684,28;175,44
2017-07-28;684,4;174,91
2017-07-31;684,75;174,77
2017-08-01;685,27;174,87
2017-08-02;685,29;175,17
2017-08-03;685,26;173,69
2017-08-04;684,86;173,67
2017-08-07;685,1;173,46
2017-08-08;684,09;173,73
2017-08-09;681,47;172,28
2017-08-10;680,05;172,82
2017-08-11;679,26;172,75
2017-08-14;680,79;171,74
2017-08-15;680,86;171,73
2017-08-16;681,64;170,92
2017-08-17;681,07;170,83
2017-08-18;680,39;171,54
2017-08-21;680,6;171,88
2017-08-22;680,9;171,32
2017-08-23;681,36;171,81
2017-08-24;681,95;172,05
2017-08-25;682,66;170,73
2017-08-28;683,47;171,32
2017-08-29;683,7;171,95
2017-08-30;684,46;170,92
2017-08-31;685,52;171,71
2017-09-01;685,93;171,95
2017-09-05;686,82;171,24
2017-09-06;687,24;171,02
2017-09-07;687,45;170,81
2017-09-08;687,03;170,63
2017-09-11;687,27;171,15
2017-09-12;687,09;170,9
2017-09-13;687,05;171,55
2017-09-14;687,29;170,78
2017-09-15;687,33;170,51
2017-09-18;687,9;172,61
2017-09-19;688,22;173,26
2017-09-20;688,58;173,12
2017-09-21;688,34;172,05
2017-09-22;688,41;171,45
2017-09-25;689,03;171,81
2017-09-26;689,47;171,38
2017-09-27;689,18;171,32
2017-09-28;689,51;172,1
2017-09-29;689,72;172,59
2017-10-02;689,91;173,03
2017-10-03;690,4;172,38
2017-10-04;690,54;172,23
2017-10-05;691,01;173,86
2017-10-06;690,84;173,95
2017-10-10;691,06;175,01
2017-10-11;691,17;174,39
2017-10-12;690,71;175,16
2017-10-13;689,8;174,18
2017-10-16;690,35;175,3
2017-10-17;690,69;175,3
2017-10-18;691,46;174,93
2017-10-19;691,59;174,7
2017-10-20;691,64;174,9
2017-10-23;692,41;174,56
2017-10-24;692,55;174,92
2017-10-25;690,99;174,78
2017-10-26;690,88;174,53
2017-10-27;690,52;173,93
2017-10-30;691,11;174,28
2017-10-31;691,4;174,26
2017-11-01;691,3;174,49
2017-11-02;691,34;174,45
2017-11-03;691,08;174,32
2017-11-06;691,59;175,1
2017-11-07;690,66;175
2017-11-08;688,35;175,9
2017-11-09;685,62;175,33
2017-11-10;685,45;175,64
2017-11-13;685,58;174,84
2017-11-14;684,29;175,49
2017-11-15;682,85;175,42
2017-11-16;686,65;175,18
2017-11-17;687,11;176,12
2017-11-20;687,92;176,49
2017-11-21;689,18;176,8
2017-11-22;689,68;177,53
2017-11-24;690,06;176,78
2017-11-27;690,67;176,88
2017-11-28;690,34;177,08
2017-11-29;690,56;175,96
2017-11-30;690,56;175,48
2017-12-01;690,48;175,44
2017-12-04;691,33;175,44
2017-12-05;691,29;175,47
2017-12-06;690,98;174,76
2017-12-07;690,6;173,83
2017-12-08;690,6;174,28
2017-12-11;690,78;173,88
2017-12-12;691,05;174,46
2017-12-13;691,43;173,13
2017-12-14;691,19;172,3
2017-12-15;691,26;173,25
2017-12-18;691,29;173,34
2017-12-19;690,89;173,48
2017-12-20;690,21;174,61
2017-12-21;690,23;174,06
2017-12-22;690,33;174,24
2017-12-26;690,79;174,63
2017-12-27;691,15;175,5
2017-12-28;691,49;175,89
2017-12-29;692,14;175,69
2018-01-02;692,43;175,29
2018-01-03;693,84;175,06
2018-01-04;695,29;174,37
2018-01-05;696,12;174,88
2018-01-08;696,81;174,23
2018-01-09;696,77;174
2018-01-10;694,88;173,88
2018-01-11;695,31;174,29
2018-01-12;695,23;174,04
2018-01-16;695,72;174,51
2018-01-17;695,21;175,37
2018-01-18;694,15;174,34
2018-01-19;693,44;174,63
2018-01-22;693,94;174,07
2018-01-23;694,81;173,87
2018-01-24;695,29;173,87
2018-01-25;695,72;173,66
2018-01-26;695,57;174,08
2018-01-29;694,23;172,17
2018-01-30;692,51;170,67
2018-01-31;693,14;170,42
2018-02-01;692;169,75
2018-02-02;689,11;169,07
2018-02-05;687,97;170,15
2018-02-06;686,17;169,27
2018-02-07;688,37;168,27
2018-02-08;685,08;168,59
2018-02-09;680,39;168,05
2018-02-12;682,73;166,53
2018-02-13;680,96;167,31
2018-02-14;680,61;165,16
2018-02-15;683,63;165,29
2018-02-16;685,64;164,51
2018-02-20;686,43;165,22
2018-02-21;686,06;164,67
2018-02-22;684,88;164,81
2018-02-23;684,91;164,84
2018-02-26;687,19;164,64
2018-02-27;686;164,11
2018-02-28;686,21;163,53
2018-03-01;685,37;163,26
2018-03-02;683,09;162,94
2018-03-05;684,26;161,94
2018-03-06;685,47;159,41
2018-03-07;684,7;158,63
2018-03-08;684,75;159,04
2018-03-09;684,98;160,76
2018-03-12;685,37;160,17
2018-03-13;685,08;159,7
2018-03-14;684,12;160,13
2018-03-15;683,76;160,23
2018-03-16;683,7;160,53
2018-03-19;683;159,93
2018-03-20;682,85;160
2018-03-21;682,66;158,24
2018-03-22;682;159,08
2018-03-23;681,37;158,18
2018-03-26;681,76;158,93
2018-03-27;682,51;160,17
2018-03-28;682,29;160,12
2018-03-29;682,78;159,63
2018-04-02;682,26;160,41
2018-04-03;682,73;159,74
2018-04-04;682,87;160,04
2018-04-05;684,68;159,27
2018-04-06;685,04;159,48
2018-04-09;685,74;159,13
2018-04-10;687,27;158,51
2018-04-11;687,75;158,13
2018-04-12;688,61;158,39
2018-04-13;689,78;158,86
2018-04-16;690,59;159,64
2018-04-17;691,74;161,73
2018-04-18;691,47;161,07
2018-04-19;688,73;160,63
2018-04-20;687,85;161,14
2018-04-23;686,71;161,47
2018-04-24;684,35;161,63
2018-04-25;682,03;161,9
2018-04-26;683,54;161,71
2018-04-27;683,57;161,95
2018-04-30;683,31;161,84
2018-05-01;682,47;161,99
2018-05-02;682,4;162,28
2018-05-03;682,01;161,56
2018-05-04;682,31;161,87
2018-05-07;683,33;161,68
2018-05-08;682,56;161,2
2018-05-09;682,32;161,19
2018-05-10;683,04;162,4
2018-05-11;683,25;162,4
2018-05-14;683,48;162,85
2018-05-15;682,02;163,2
2018-05-16;681,7;163,51
2018-05-17;681,41;163,69
2018-05-18;681,53;164,23
2018-05-21;681,64;164,31
2018-05-22;681,61;164,64
2018-05-23;681,26;163,24
2018-05-24;681,6;163,14
2018-05-25;681,83;163,49
2018-05-29;681,37;164,07
2018-05-30;682,22;163,68
2018-05-31;683,01;163,41
2018-06-01;683,18;163,74
2018-06-04;683,89;163,72
2018-06-05;684,59;163,4
2018-06-06;684,87;164,18
2018-06-07;685,82;165,04
2018-06-08;685,56;164,95
2018-06-11;686,02;164,8
2018-06-12;686,25;163,76
2018-06-13;687,22;163,97
2018-06-14;687,75;164,58
2018-06-15;688,06;164,69
2018-06-18;687,97;164,38
2018-06-19;687,3;164,65
2018-06-20;687,81;165,14
2018-06-21;687,4;164,99
2018-06-22;687,13;165,3
2018-06-25;686,02;165,11
2018-06-26;685,78;165,34
2018-06-27;684,8;164,4
2018-06-28;682,76;165,73
2018-06-29;682,96;165,79
2018-07-02;681,15;165,38
2018-07-03;681,8;166,4
2018-07-05;682,22;166,35
2018-07-06;682,85;165,84
2018-07-09;684,63;166,21
2018-07-10;685,8;166,15
2018-07-11;685,24;166,05
2018-07-12;686,07;165,51
2018-07-13;686,39;165,58
2018-07-16;686,48;166,16
2018-07-17;686,41;167,02
2018-07-18;686,87;167,59
2018-07-19;686,72;167,95
2018-07-20;686,62;167,92
2018-07-23;686,87;167,53
2018-07-24;687,59;168,03
2018-07-25;687,83;167,84
2018-07-26;688,01;168,31
2018-07-27;688,13;168
2018-07-30;688,48;170,22
2018-07-31;690,06;171
2018-08-01;690,06;171,31
2018-08-02;690,21;170,55
2018-08-03;691,66;171,3
2018-08-06;692,43;170,76
2018-08-07;693,5;171,02
2018-08-08;693,59;167,92
2018-08-09;694,43;167,59
2018-08-10;693,27;167,76
2018-08-13;693,11;166,77
2018-08-14;693,28;167,15
2018-08-15;692,31;167,38
2018-08-16;693,6;167,08
2018-08-17;693,85;168,55
2018-08-20;694,7;167,93
2018-08-21;695,14;168,26
2018-08-22;695,77;167,82
2018-08-23;695,8;168,1
2018-08-24;696,27;167,92
2018-08-27;696,64;167,23
2018-08-28;696,82;167,7
2018-08-29;696,87;167,86
2018-08-30;696,12;168,22
2018-08-31;696,12;168,93
2018-09-04;696,21;168,2
2018-09-05;695,69;168,49
2018-09-06;695,78;168,07
2018-09-07;695,28;167,64
2018-09-10;695,93;167,84
2018-09-11;695,99;169,09
2018-09-12;696,58;170,13
2018-09-13;697,72;169,72
2018-09-14;698,01;169,41
2018-09-17;698,47;169,01
2018-09-18;698,91;169,75
2018-09-19;698,5;169,02
2018-09-20;698,37;168,94
2018-09-21;698,31;169,37
2018-09-24;697,89;168,97
2018-09-25;697,43;168,16
2018-09-26;697,71;168,03
2018-09-27;698,53;168,94
2018-09-28;699,27;168,55
2018-10-01;700,84;168,49
2018-10-02;701,08;169,48
2018-10-03;700,83;169,14
2018-10-04;696,8;168,81
2018-10-05;695,96;168,8
2018-10-09;693,2;168,61
2018-10-10;690,52;169,02
2018-10-11;690,87;169,07
2018-10-12;693,66;169,5
2018-10-15;693,62;169,23
2018-10-16;694,81;169,71
2018-10-17;694,46;170,75
2018-10-18;692,96;171,32
2018-10-19;692,29;171,01
2018-10-22;692,17;170,89
2018-10-23;689,94;170,85
2018-10-24;690,92;169,97
2018-10-25;690,07;169,51
2018-10-26;687,89;168,31
2018-10-29;688,67;167,4
2018-10-30;688,24;167,8
2018-10-31;690,49;167,33
2018-11-01;690,7;167,24
2018-11-02;691,85;168,01
2018-11-05;691,79;167,99
2018-11-06;692,71;167,76
2018-11-07;695,05;167,76
2018-11-08;695,75;168,23
2018-11-09;693,47;168,17
2018-11-13;691,23;168,43
2018-11-14;689,59;168,64
2018-11-15;687,26;168,64
2018-11-16;686,32;169,47
2018-11-19;685,65;170,22
2018-11-20;684,26;169,09
2018-11-21;686,75;169,36
2018-11-23;686,51;168,98
2018-11-26;687,24;169,14
2018-11-27;686,38;168,79
2018-11-28;688,82;169,49
2018-11-29;690,66;169,82
2018-11-30;690,89;170,35
2018-12-03;693,73;171,01
2018-12-04;692,07;170,97
2018-12-06;688,57;171,07
2018-12-07;689,97;170,17
2018-12-10;688,85;170,38
2018-12-11;690,35;170,7
2018-12-12;692,14;170,91
2018-12-13;692,92;171,06
2018-12-14;691,84;171,52
2018-12-17;690,43;172,1
2018-12-18;688,95;171,87
2018-12-19;686,97;172,07
2018-12-20;679,4;172,66
2018-12-21;678,2;172,96
2018-12-24;676,55;172,65
2018-12-26;675,52;172,95
2018-12-27;676,19;173,05
2018-12-28;679,12;174,06
2018-12-31;680,94;174,3
2019-01-02;680,76;173,66
2019-01-03;681,5;174
2019-01-04;687,72;174,09
2019-01-07;692,7;173,58
2019-01-08;696,16;173,54
2019-01-09;698,56;174,3
2019-01-10;698,13;172,12
2019-01-11;698,51;172,23
2019-01-14;697,48;170,95
2019-01-15;698,42;171,57
2019-01-16;700,39;171,81
2019-01-17;700,89;172,74
2019-01-18;702,79;173,21
2019-01-22;701,82;173,74
2019-01-23;701,52;169,8
2019-01-24;701,25;169,78
2019-01-25;702,68;169,76
2019-01-28;702,2;169,25
2019-01-29;703,07;168,56
2019-01-30;704,42;168,85
2019-01-31;707,92;169,31
2019-02-01;708,69;169,19
2019-02-04;709,78;169,07
2019-02-05;712,14;169,8
2019-02-06;712,87;170,15
2019-02-07;710,93;170,06
2019-02-08;710,62;170,37
2019-02-11;711;170,39
2019-02-12;712,99;171,24
2019-02-13;712,92;170,17
2019-02-14;713,64;170
2019-02-15;714,89;170,86
2019-02-19;715,88;170,5
2019-02-20;716,86;171,23
2019-02-21;716,81;171,31
2019-02-22;717,37;171,73
2019-02-25;718,58;171,74
2019-02-26;718,94;172,05
2019-02-27;719,3;172,41
2019-02-28;718,89;172,63
2019-03-01;719,46;173,49
2019-03-04;719,34;173,23
2019-03-05;719,09;173,52
2019-03-06;718,76;173,38
2019-03-07;717,57;173,41
2019-03-08;716,05;174,11
2019-03-11;717,43;173,98
2019-03-12;719,19;173,58
2019-03-13;720,85;174,04
2019-03-14;721,43;174,23
2019-03-15;722,64;174,01
2019-03-18;723,25;173,88
2019-03-19;723,98;174,49
2019-03-20;724,15;174,66
2019-03-21;725,83;175,04
2019-03-22;725,28;174,86
2019-03-25;724,96;175,22
2019-03-26;726,02;175,68
2019-03-27;726,39;174,93
2019-03-28;726,73;175,6
2019-03-29;728,08;175,8
2019-04-01;729,22;175,77
2019-04-02;729,14;176,56
2019-04-03;729,82;176,51
2019-04-04;730,2;175,94
2019-04-05;731,12;176,3
2019-04-08;731,46;177,52
2019-04-09;731,79;175,94
2019-04-10;732,23;175,97
2019-04-11;733,71;176,83
2019-04-12;735,14;177,29
2019-04-15;734,99;177,52
2019-04-16;735,34;178,53
2019-04-17;734,51;178,44
2019-04-18;734,23;177,74
2019-04-22;734,08;178,15
2019-04-23;734,75;177,64
2019-04-24;735,09;178,23
2019-04-25;734,38;177,74
2019-04-26;734,79;177,47
2019-04-29;735,27;177,43
2019-04-30;735,82;177,67
2019-05-01;736,34;178,37
2019-05-02;735,53;177,88
2019-05-03;736,46;178,11
2019-05-06;735,61;177,78
2019-05-07;735,06;177,59
2019-05-08;734,95;178,02
2019-05-09;732,72;177,47
2019-05-10;732,55;177,94
2019-05-13;730,14;179,13
2019-05-14;731,02;178,25
2019-05-15;730,85;178,69
2019-05-16;732,27;178,38
2019-05-17;732,39;178,73
2019-05-20;732,45;178,69
2019-05-21;733,4;178,14
2019-05-22;733,74;178,37
2019-05-23;732,4;177
2019-05-24;733,23;176,81
2019-05-28;733,72;176,16
2019-05-29;732,08;176,36
2019-05-30;733,23;176
2019-05-31;732,5;176,45
2019-06-03;732,41;176,57
2019-06-04;735,07;176,97
2019-06-05;736,82;177,43
2019-06-06;738,02;177,78
2019-06-07;741,02;177,5
2019-06-10;743,16;177,84
2019-06-11;744,25;178,02
2019-06-12;743,81;178,17
2019-06-13;744,5;177,72
2019-06-14;744,6;178,11
2019-06-17;745,21;178,67
2019-06-18;747,05;178,88
2019-06-19;747,75;178,35
2019-06-20;752,52;178,54
2019-06-21;752,6;178,25
2019-06-24;752,95;178,7
2019-06-25;751,78;178,84
2019-06-26;752,01;179,53
2019-06-27;751,81;178,69
2019-06-28;752,99;178,81
2019-07-01;754,4;179,12
2019-07-02;754,35;179,38
2019-07-03;755,06;179,91
2019-07-05;754,58;179,77
2019-07-08;754,85;180,05
2019-07-09;754,02;179,28
2019-07-10;754,97;178,91
2019-07-11;755,07;178,25
2019-07-12;755,38;178,66
2019-07-15;755,46;179,07
2019-07-16;755,34;178,95
2019-07-17;755,37;179,56
2019-07-18;753,99;180,47
2019-07-19;754,6;180,63
2019-07-22;755,29;179,95
2019-07-23;756,34;180,47
2019-07-24;757,38;180,53
2019-07-25;757,68;180,93
2019-07-26;758,05;180,98
2019-07-29;758,22;179,8
2019-07-30;757,68;179,44
2019-07-31;757,57;179,64
2019-08-01;758,12;179,08
2019-08-02;756,65;179,27
2019-08-05;752,02;179,36
2019-08-06;754,52;179,25
2019-08-07;754,42;179,65
2019-08-08;758,06;179,85
2019-08-09;758,12;179,84
2019-08-12;758,25;180,11
2019-08-13;760,1;180,62
2019-08-14;757,59;180,14
2019-08-15;758,33;181,09
2019-08-16;759,62;180,74
2019-08-19;761,53;182,23
2019-08-20;761,88;180,69
2019-08-21;763,56;179,71
2019-08-22;764,58;180,44
2019-08-23;764,25;181,24
2019-08-26;764,62;181,16
2019-08-27;765,69;181,02
2019-08-28;766,42;180,73
2019-08-29;768,09;180,92
2019-08-30;768,12;181,86
2019-09-03;767,79;182,55
2019-09-04;768,73;183,84
2019-09-05;769,42;183,82
2019-09-06;770,25;183,42
2019-09-09;770,71;183,72
2019-09-10;770,21;183,66
2019-09-11;769,37;183,31
2019-09-12;769,56;181,83
2019-09-13;768,02;182,93
2019-09-16;767,94;183,54
2019-09-17;768,4;184,16
2019-09-18;768,76;184,51
2019-09-19;769,41;183,98
2019-09-20;769,6;184,01
2019-09-23;769,89;185,22
2019-09-24;770,11;184,83
2019-09-25;769,52;184,74
2019-09-26;769,4;184,49
2019-09-27;769,33;183,51
2019-09-30;769,16;184,06
2019-10-01;768,87;183,91
2019-10-02;767,13;182,19
2019-10-03;767,29;182,92
2019-10-04;768,3;183,4
2019-10-07;768,95;183,89
2019-10-08;768,4;183,25
2019-10-09;769,69;184,24
2019-10-10;770,49;183,93
2019-10-11;771,54;183,91
2019-10-15;773,09;183,75
2019-10-16;773,64;184,33
2019-10-17;774,4;184,74
2019-10-18;774,39;185,4
2019-10-21;774,94;185,1
2019-10-22;775,38;184,65
2019-10-23;775,75;185,22
2019-10-24;776,13;185,31
2019-10-25;776,76;185,88
2019-10-28;777,14;185,81
2019-10-29;777,19;185,71
;;
;;
;;
;;
;;
;;
;;
;;
;;
;;
;;
;;
;;
;;
;;
;;
;;
;;
;;
;;
;;
;;
;;
;;
;;
;;
;;
;;
;;
;;
;;
;;
;;
;;
;;
;;
;;
;;
;;
;;
;;
;;
;;
;;
;;
;;
;;
;;
;;
;;
;;
;;
;;
;;
;;
;;
;;
;;
;;
;;
;;
;;
;;
;;
;;
;;
;;
;;
;;
;;
;;
;;
;;
;;
;;
;;
;;
;;
;;
;;
;;
;;
;;
;;
;;
;;
;;
;;
;;
;;
;;
;;
;;
;;
;;
;;
;;
;;
;;
;;
;;
;;
;;
;;
;;
;;
;;
;;
;;
;;
;;
;;
;;
;;
;;
;;
;;
;;
;;
;;
;;
;;
;;
;;
;;
;;
;;
;;
;;
;;
;;
;;
;;
;;
;;
;;
;;
;;
;;
;;
;;
;;
;;
;;
;;
;;
;;
;;
;;
;;
;;
;;
;;
;;
;;
;;
;;
;;
;;
;;
;;
;;
;;
;;
;;
;;
;;
;;
;;
;;
;;
;;
;;
;;
;;
;;
;;
;;
;;
;;
;;
;;
;;
;;
;;
;;
;;
;;
;;
;;
;;
;;
;;
;;
;;
;;
;;
;;
;;
;;
;;
;;
;;
;;
;;
;;
;;
;;
;;
;;
;;
;;
;;
;;
;;
;;
;;
;;
;;
;;
;;
;;
;;
;;
;;
;;
;;
;;
;;
;;
;;
;;
;;
;;
;;
;;
;;
;;
;;
;;
;;
;;
;;
;;
;;
;;
;;
;;
;;
;;
;;
;;
;;
;;
;;
;;
;;
;;
;;
;;
;;
;;
;;
;;
;;
;;
;;
;;
;;
;;
;;
;;
;;
;;
;;
;;
;;
;;
;;
;;
;;
;;
;;
;;
;;
;;
;;
;;
;;
;;
;;
;;
;;
;;
;;
;;
;;
;;
;;
;;
;;
;;
;;
;;
;;
;;
;;
;;
;;
;;
;;
;;
;;
;;
;;
;;
;;
;;
;;
;;
;;
;;
;;
;;
;;
;;
;;
;;
;;
;;
;;
;;
;;
;;
;;
;;
;;
;;
;;
;;
;;
;;
;;
;;
;;
;;
;;
;;
;;
;;
;;
;;
;;
;;
;;
;;
;;
;;
;;
;;
;;
;;
;;
;;
;;
;;
;;
;;
;;
;;
;;
;;
;;
;;
;;
;;
;;
;;
;;
;;
;;
;;
;;
;;
;;
;;
;;
;;
;;
;;
;;
;;
;;
;;
;;
;;
;;
;;
;;
;;
;;
;;
;;
;;
;;
;;
;;
;;
;;
;;
;;
;;
;;
;;
;;
;;
;;
;;
;;
;;
;;
;;
;;
;;
;;
;;
;;
;;
;;
;;
;;
;;
;;
;;
;;
;;
;;
;;
;;
;;
;;
;;
;;
;;
;;
;;
;;
;;
;;
;;
;;
;;
;;
;;
;;
;;
;;
;;
;;
;;
;;
;;
;;
;;
;;
;;
;;
;;
;;
;;
;;
;;
;;
;;
;;
;;
;;
;;
;;
;;
;;
;;
;;
;;
;;
;;
;;
;;
;;
;;
;;
;;
;;
;;
;;
;;
;;
;;
;;
;;
;;
;;
;;
;;
;;
;;
;;
;;
;;
;;
;;
;;
;;
;;
;;
;;
;;
;;
;;
;;
;;
;;
;;
;;
;;
;;
;;
;;
;;
;;
;;
;;
;;
;;
;;
;;
;;
;;
;;
;;
;;
;;
;;
;;
;;
;;
;;
;;
;;
;;
;;
;;
;;
;;
;;
;;
;;
;;
;;
;;
;;
;;
;;
;;
;;
;;
;;
;;
;;
;;
;;
;;
;;
;;
;;
;;
;;
;;
;;
;;
;;
;;
;;
;;
;;
;;
;;
;;
;;
;;
;;
;;
;;
;;
;;
;;
;;
;;
;;
;;
;;
;;
;;
;;
;;
;;
;;
;;
;;
;;
;;
;;
;;
;;
;;
;;
;;
;;
;;
;;
;;
;;
;;
;;
;;
;;
;;
;;
;;
;;
;;
;;
;;
;;
;;
;;
;;
;;
;;
;;
;;
;;
;;
;;
;;
;;
;;
;;
;;
;;
;;
;;
;;
;;
;;
;;
;;
;;
;;
;;
;;
;;
;;
;;
;;
;;
;;
;;
;;
;;
;;
;;
;;
;;
;;
;;
;;
;;
;;
;;
;;
;;
;;
;;
;;
;;
;;
;;
;;
;;
;;
;;
;;
;;
;;
;;
;;
;;
;;
;;
;;
;;
;;
;;
;;
;;
;;
;;
;;
;;
;;
;;
;;
;;
;;
;;
;;
;;
;;
;;
;;
;;
;;
;;
;;
;;
;;
;;
;;
;;
;;
;;
;;
;;
;;
;;
;;
;;
;;
;;
;;
;;
;;
;;
;;
;;
;;
;;
;;
;;
;;
;;
;;
;;
;;
;;
;;
;;
;;
;;
;;
;;
;;
;;
;;
;;
;;
;;
;;
;;
;;
;;
;;
;;
;;
;;
;;
;;
;;
;;
;;
;;
;;
;;
;;
;;
;;
;;
;;
;;
;;
;;
;;
;;
;;
;;
;;
;;
;;
;;
;;
;;
;;
;;
;;
;;
;;
;;
;;
;;
;;
;;
;;
;;
;;
;;
;;
;;
;;
;;
;;
;;
;;
;;
;;
;;
;;
;;
;;
;;
;;
;;
;;
;;
;;
;;
;;
;;
;;
;;
;;
;;
;;
;;
;;
;;
;;
;;
;;
;;
;;
;;
;;
;;
;;
;;
;;
;;
;;
;;
;;
;;
;;
;;
;;
;;
;;
;;
;;
;;
;;
;;
;;
;;
;;
;;
;;
;;
;;
;;
;;
;;
;;
;;
;;
;;
;;
;;
;;
;;
;;
;;
;;
;;
;;
;;
;;
;;
;;
;;
;;
;;
;;
;;
;;
;;
;;
;;
;;
;;
;;
;;
;;
;;
;;
;;
;;
;;
;;
;;
;;
;;
;;
;;
;;
;;
;;
;;
;;
;;
;;
;;
;;
;;
;;
;;
;;
;;
;;
;;
;;
;;
;;
;;
;;
;;
;;
;;
;;
;;
;;
;;
;;
;;
;;
;;
;;
;;
;;
;;
;;
;;
;;
;;
;;
;;
;;
;;
;;
;;
;;
;;
;;
;;
;;
;;
;;
;;
;;
;;
;;
;;
;;
;;
;;
;;
;;
;;
;;
;;
;;
;;
;;
;;
;;
;;
;;
;;
;;
;;
;;
;;
;;
;;
;;
;;
;;
;;
;;
;;
;;
;;
;;
;;
;;
;;
;;
;;
;;
;;
;;
;;
;;
;;
;;
;;
;;
;;
;;
;;
;;
;;
;;
;;
;;
;;
;;
;;
;;
;;
;;
;;
;;
;;
;;
;;
;;
;;
;;
;;
;;
;;
;;
;;
;;
;;
;;
;;
;;
;;
;;
;;
;;
;;
;;
;;
;;
;;
;;
;;
;;
;;
;;
;;
;;
;;
;;
;;
;;
;;
;;
;;
;;
;;
;;
;;
;;
;;
;;
;;
;;
;;
;;
;;
;;
;;
;;
;;
;;
;;
;;
;;
;;
;;
;;
;;
;;
;;
;;
;;
;;
;;
;;
;;
;;
;;
;;
;;
;;
;;
;;
;;
;;
;;
;;
;;
;;
;;
;;
;;
;;
;;
;;
;;
;;
;;
;;
;;
;;
;;
;;
;;
;;
;;
;;
;;
;;
;;
;;
;;
;;
;;
;;
;;
;;
;;
;;
;;
;;
;;
;;
;;
;;
;;
;;
;;
;;
;;
;;
;;
;;
;;
;;
;;
;;
;;
;;
;;
;;
;;
;;
;;
;;
;;
;;
;;
;;
;;
;;
;;
;;
;;
;;
;;
;;
;;
;;
;;
;;
;;
;;
;;
;;
;;
;;
;;
;;
;;
;;
;;
;;
;;
;;
;;
;;
;;
;;
;;
;;
;;
;;
;;
;;
;;
;;
;;
;;
;;
;;
;;
;;
;;
;;
;;
;;
;;
;;
;;
;;
;;
;;
;;
;;
;;
;;
;;
;;
;;
;;
;;
;;
;;
;;
;;
;;
;;
;;
;;
;;
;;
;;
;;
;;
;;
;;
;;
;;
;;
;;
;;
;;
;;
;;
;;
;;
;;
;;
;;
;;
;;
;;
;;
;;
;;
;;
;;
;;
;;
;;
;;
;;
;;
;;
;;
;;
;;
;;
;;
;;
;;
;;
;;
;;
;;
;;
;;
;;
;;
;;
;;
;;
;;
;;
;;
;;
;;
;;
;;
;;
;;
;;
;;
;;
;;
;;
;;
;;
;;
;;
;;
;;
;;
;;
;;
;;
;;
;;
;;
;;
;;
;;
;;
;;
;;
;;
;;
;;
;;
;;
;;
;;
;;
;;
;;
;;
;;
;;
;;
;;
;;
;;
;;
;;
;;
;;
;;
;;
;;
;;
;;
;;
;;
;;
;;
;;
;;
;;
;;
;;
;;
;;
;;
;;
;;
;;
;;
;;
;;
;;
;;
;;
;;
;;
;;
;;
;;
;;
;;
;;
;;
;;
;;
;;
;;
;;
;;
;;
;;
;;
;;
;;
;;
;;
;;
;;
;;
;;
;;
;;
;;
;;
;;
;;
;;
;;
;;
;;
;;
;;
;;
;;
;;
;;
;;
;;
;;
;;
;;
;;
;;
;;
;;
;;
;;
;;
;;
;;
;;
;;
;;
;;
;;
;;
;;
;;
;;
;;
;;
;;
;;
;;
;;
;;
;;
;;
;;
;;
;;
;;
;;
;;
;;
;;
;;
;;
;;
;;
;;
;;
;;
;;
;;
;;
;;
;;
;;
;;
;;
;;
;;
;;
;;
;;
;;
;;
;;
;;
;;
;;
;;
;;
;;
;;
;;
;;
;;
;;
;;
;;
;;
;;
;;
;;
;;
;;
;;
;;
;;
;;
;;
;;
;;
;;
;;
;;
;;
;;
;;
;;
;;
;;
;;
;;
;;
;;
;;
;;
;;
;;
;;
;;
;;
;;
;;
;;
;;
;;
;;
;;
;;
;;
;;
;;
;;
;;
;;
;;
;;
;;
;;
;;
;;
;;
;;
;;
;;
;;
;;
;;
;;
;;
;;
;;
;;
;;
;;
;;
;;
;;
;;
;;
;;
;;
;;
;;
;;
;;
;;
;;
;;
;;
;;
;;
;;
;;
;;
;;
;;
;;
;;
;;
;;
;;
;;
;;
;;
;;
;;
;;
;;
;;
;;
;;
;;
;;
;;
;;
;;
;;
;;
;;
;;
;;
;;
;;
;;
;;
;;
;;
;;
;;
;;
;;
;;
;;
;;
;;
;;
;;
;;
;;
;;
;;
;;
;;
;;
;;
;;
;;
;;
;;
;;
;;
;;
;;
;;
;;
;;
;;
;;
;;
;;
;;
;;
;;
;;
;;
;;
;;
;;
;;
;;
;;
;;
;;
;;
;;
;;
;;
;;
;;
;;
;;
;;
;;
;;
;;
;;
;;
;;
;;
;;
;;
;;
;;
;;
;;
;;
;;
;;
;;
;;
;;
;;
;;
;;
;;
;;
;;
;;
;;
;;
;;
;;
;;
;;
;;
;;
;;
;;
;;
;;
;;
;;
;;
;;
;;
;;
;;
;;
;;
;;
;;
;;
;;
;;
;;
;;
;;
;;
;;
;;
;;
;;
;;
;;
;;
;;
;;
;;
;;
;;
;;
;;
;;
;;
;;
;;
;;
;;
;;
;;
;;
;;
;;
;;
;;
;;
;;
;;
;;
;;
;;
;;
;;
;;
;;
;;
;;
;;
;;
;;
;;
;;
;;
;;
;;
;;
;;
;;
;;
;;
;;
;;
;;
;;
;;
;;
;;
;;
;;
;;
;;
;;
;;
;;
;;
;;
;;
;;
;;
;;
;;
;;
;;
;;
;;
;;
;;
;;
;;
;;
;;
;;
;;
;;
;;
;;
;;
;;
;;
;;
;;
;;
;;
;;
;;
;;
;;
;;
;;
;;
;;
;;
;;
;;
;;
;;
;;
;;
;;
;;
;;
;;
;;
;;
;;
;;
;;
;;
;;
;;
;;
;;
;;
;;
;;
;;
;;
;;
;;
;;
;;
;;
;;
;;
;;
;;
;;
;;
;;
;;
;;
;;
;;
;;
;;
;;
;;
;;
;;
;;
;;
;;
;;
;;
;;
;;
;;
;;
;;
;;
;;
;;
;;
;;
;;
;;
;;
;;
;;
;;
;;
;;
;;
;;
;;
;;
;;
;;
;;
;;
;;
;;
;;
;;
;;
;;
;;
;;
;;
;;
;;
;;
;;
;;
;;
;;
;;
;;
;;
;;
;;
;;
;;
;;
;;
;;
;;
;;
;;
;;
;;
;;
;;
;;
;;
;;
;;
;;
;;
;;
;;
;;
;;
;;
;;
;;
;;
;;
;;
;;
;;
;;
;;
;;
;;
;;
;;
;;
;;
;;
;;
;;
;;
;;
;;
;;
;;
;;
;;
;;
;;
;;
;;
;;
;;
;;
;;
;;
;;
;;
;;
;;
;;
;;
;;
;;
;;
;;
;;
;;
;;
;;
;;
;;
;;
;;
;;
;;
;;
;;
;;
;;
;;
;;
;;
;;
;;
;;
;;
;;
;;
;;
;;
;;
;;
;;
;;
;;
;;
;;
;;
;;
;;
;;
;;
;;
;;
;;
;;
;;
;;
;;
;;
;;
;;
;;
;;
;;
;;
;;
;;
;;
;;
;;
;;
;;
;;
;;
;;
;;
;;
;;
;;
;;
;;
;;
;;
;;
;;
;;
;;
;;
;;
;;
;;
;;
;;
;;
;;
;;
;;
;;
;;
;;
;;
;;
;;
;;
;;
;;
;;
;;
;;
;;
;;
;;
;;
;;
;;
;;
;;
;;
;;
;;
;;
;;
;;
;;
;;
;;
;;
;;
;;
;;
;;
;;
;;
;;
;;
;;
;;
;;
;;
;;
;;
;;
;;
;;
;;
;;
;;
;;
;;
;;
;;
;;
;;
;;
;;
;;
;;
;;
;;
;;
;;
;;
;;
;;
;;
;;
;;
;;
;;
;;
;;
;;
;;
;;
;;
;;
;;
;;
;;
;;
;;
;;
;;
;;
;;
;;
;;
;;
;;
;;
;;
;;
;;
;;
;;
;;
;;
;;
;;
;;
;;
;;
;;
;;
;;
;;
;;
;;
;;
;;
;;
;;
;;
;;
;;
;;
;;
;;
;;
;;
;;
;;
;;
;;
;;
;;
;;
;;
;;
;;
;;
;;
;;
;;
;;
;;
;;
;;
;;
;;
;;
;;
;;
;;
;;
;;
;;
;;
;;
;;
;;
;;
;;
;;
;;
;;
;;
;;
;;
;;
;;
;;
;;
;;
;;
;;
;;
;;
;;
;;
;;
;;
;;
;;
;;
;;
;;
;;
;;
;;
;;
;;
;;
;;
;;
;;
;;
;;
;;
;;
;;
;;
;;
;;
;;
;;
;;
;;
;;
;;
;;
;;
;;
;;
;;
;;
;;
;;
;;
;;
;;
;;
;;
;;
;;
;;
;;
;;
;;
;;
;;
;;
;;
;;
;;
;;
;;
;;
;;
;;
;;
;;
;;
;;
;;
;;
;;
;;
;;
;;
;;
;;
;;
;;
;;
;;
;;
;;
;;
;;
;;
;;
;;
;;
;;
;;
;;
;;
;;
;;
;;
;;
;;
;;
;;
;;
;;
;;
;;
;;
;;
;;
;;
;;
;;
;;
;;
;;
;;
;;
;;
;;
;;
;;
;;
;;
;;
;;
;;
;;
;;
;;
;;
;;
;;
;;
;;
;;
;;
;;
;;
;;
;;
;;
;;
;;
;;
;;
;;
;;
;;
;;
;;
;;
;;
;;
;;
;;
;;
;;
;;
;;
;;
;;
;;
;;
;;
;;
;;
;;
;;
;;
;;
;;
;;
;;
;;
;;
;;
;;
;;
;;
;;
;;
;;
;;
;;
;;
;;
;;
;;
;;
;;
;;
;;
;;
;;
;;
;;
;;
;;
;;
;;
;;
;;
;;
;;
;;
;;
;;
;;
;;
;;
;;
;;
;;
;;
;;
;;
;;
;;
;;
;;
;;
;;
;;
;;
;;
;;
;;
;;
;;
;;
;;
;;
;;
;;
;;
;;
;;
;;
;;
;;
;;
;;
;;
;;
;;
;;
;;
;;
;;
;;
;;
;;
;;
;;
;;
;;
;;
;;
;;
;;
;;
;;
;;
;;
;;
;;
;;
;;
;;
;;
;;
;;
;;
;;
;;
;;
;;
;;
;;
;;
;;
;;
;;
;;
;;
;;
;;
;;
;;
;;
;;
;;
;;
;;
;;
;;
;;
;;
;;
;;
;;
;;
;;
;;
;;
;;
;;
;;
;;
;;
;;
;;
;;
;;
;;
;;
;;
;;
;;
;;
;;
;;
;;
;;
;;
;;
;;
;;
;;
;;
;;
;;
;;
;;
;;
;;
;;
;;
;;
;;
;;
;;
;;
;;
;;
;;
;;
;;
;;
;;
;;
;;
;;
;;
;;
;;
;;
;;
;;
;;
;;
;;
;;
;;
;;
;;
;;
;;
;;
;;
;;
;;
;;
;;
;;
;;
;;
;;
;;
;;
;;
;;
;;
;;
;;
;;
;;
;;
;;
;;
;;
;;
;;
;;
;;
;;
;;
;;
;;
;;
;;
;;
;;
;;
;;
;;
;;
;;
;;
;;
;;
;;
;;
;;
;;
;;
;;
;;
;;
;;
;;
;;
;;
;;
;;
;;
;;
;;
;;
;;
;;
;;
;;
;;
;;
;;
;;
;;
;;
;;
;;
;;
;;
;;
;;
;;
;;
;;
;;
;;
;;
;;
;;
;;
;;
;;
;;
;;
;;
;;
;;
;;
;;
;;
;;
;;
;;
;;
;;
;;
;;
;;
;;
;;
;;
;;
;;
;;
;;
;;
;;
;;
;;
;;
;;
;;
;;
;;
;;
;;
;;
;;
;;
;;
;;
;;
;;
;;
;;
;;
;;
;;
;;
;;
;;
;;
;;
;;
;;
;;
;;
;;
;;
;;
;;
;;
;;
;;
;;
;;
;;
;;
;;
;;
;;
;;
;;
;;
;;
;;
;;
;;
;;
;;
;;
;;
;;
;;
;;
;;
;;
;;
;;
;;
;;
;;
;;
;;
;;
;;
;;
;;
;;
;;
;;
;;
;;
;;
;;
;;
;;
;;
;;
;;
;;
;;
;;
;;
